book_id,title,author,genre,sub_genre,pages,reading_level,avg_rating,publish_year,description,tags
B0001,Alice's Adventures in Wonderland,Lewis Carroll,Science Fiction,Hard SF,300,medium,4.0,1865,"A compelling science fiction book by Lewis Carroll, exploring themes of hard sf.",Hard SF
B0002,The Picture of Dorian Gray,Oscar Wilde,Science Fiction,Hard SF,300,medium,4.2,1890,"A compelling science fiction book by Oscar Wilde, exploring themes of hard sf.",Hard SF
B0003,"Frankenstein; or, The Modern Prometheus",Mary Shelley,Science Fiction,Hard SF,300,medium,3.9,1818,"A compelling science fiction book by Mary Shelley, exploring themes of hard sf.",Hard SF
B0004,The Wonderful Wizard of Oz,L. Frank Baum,Science Fiction,Hard SF,300,medium,4.7,1899,"A compelling science fiction book by L. Frank Baum, exploring themes of hard sf.",Hard SF
B0005,Dracula,Bram Stoker,Science Fiction,Hard SF,300,medium,4.5,1897,"A compelling science fiction book by Bram Stoker, exploring themes of hard sf.",Hard SF
B0006,The Art of War,"孙武 (Sun Tzu), Stephen F. Kaufman, Lionel Giles, Onésimo Colavidas",Science Fiction,Hard SF,300,medium,4.3,1900,"A compelling science fiction book by 孙武 (Sun Tzu), Stephen F. Kaufman, Lionel Giles, Onésimo Colavidas, exploring themes of hard sf.",Hard SF
B0007,The Prince,Niccolò Machiavelli,Science Fiction,Hard SF,300,medium,3.7,1515,"A compelling science fiction book by Niccolò Machiavelli, exploring themes of hard sf.",Hard SF
B0008,The Time Machine,H. G. Wells,Science Fiction,Hard SF,300,medium,4.4,1895,"A compelling science fiction book by H. G. Wells, exploring themes of hard sf.",Hard SF
B0009,Walden,Henry David Thoreau,Science Fiction,Hard SF,300,medium,4.0,1854,"A compelling science fiction book by Henry David Thoreau, exploring themes of hard sf.",Hard SF
B0010,Moby Dick,Herman Melville,Science Fiction,Hard SF,300,medium,4.1,1851,"A compelling science fiction book by Herman Melville, exploring themes of hard sf.",Hard SF
B0011,Narrative of the life of Frederick Douglass,Frederick Douglass,Science Fiction,Hard SF,300,medium,4.2,1845,"A compelling science fiction book by Frederick Douglass, exploring themes of hard sf.",Hard SF
B0012,Hard Times,Charles Dickens,Science Fiction,Hard SF,300,medium,4.4,1854,"A compelling science fiction book by Charles Dickens, exploring themes of hard sf.",Hard SF
B0013,Romeo and Juliet,William Shakespeare,Science Fiction,Hard SF,300,medium,4.4,1597,"A compelling science fiction book by William Shakespeare, exploring themes of hard sf.",Hard SF
B0014,Metamorphosis,Franz Kafka,Science Fiction,Hard SF,300,medium,4.3,1915,"A compelling science fiction book by Franz Kafka, exploring themes of hard sf.",Hard SF
B0015,πολιτεία,Plato,Science Fiction,Hard SF,300,medium,4.3,1554,"A compelling science fiction book by Plato, exploring themes of hard sf.",Hard SF
B0016,The Princess and the Goblin,George MacDonald,Science Fiction,Hard SF,300,medium,4.0,1872,"A compelling science fiction book by George MacDonald, exploring themes of hard sf.",Hard SF
B0017,The Lost World,Arthur Conan Doyle,Science Fiction,Hard SF,300,medium,4.5,1900,"A compelling science fiction book by Arthur Conan Doyle, exploring themes of hard sf.",Hard SF
B0018,Brave New World,Aldous Huxley,Science Fiction,Hard SF,300,medium,4.5,1932,"A compelling science fiction book by Aldous Huxley, exploring themes of hard sf.",Hard SF
B0019,The Jewel of Seven Stars,Bram Stoker,Science Fiction,Hard SF,300,medium,3.5,1902,"A compelling science fiction book by Bram Stoker, exploring themes of hard sf.",Hard SF
B0020,Animal Farm,George Orwell,Science Fiction,Hard SF,300,medium,3.5,1945,"A compelling science fiction book by George Orwell, exploring themes of hard sf.",Hard SF
B0021,Tao te Ching,老子,Science Fiction,Hard SF,300,medium,4.4,1842,"A compelling science fiction book by 老子, exploring themes of hard sf.",Hard SF
B0022,Sonnets,William Shakespeare,Science Fiction,Hard SF,300,medium,3.9,1609,"A compelling science fiction book by William Shakespeare, exploring themes of hard sf.",Hard SF
B0023,The Emerald City of Oz,L. Frank Baum,Science Fiction,Hard SF,300,medium,4.4,1910,"A compelling science fiction book by L. Frank Baum, exploring themes of hard sf.",Hard SF
B0024,Dorothy and the Wizard in Oz,L. Frank Baum,Science Fiction,Hard SF,300,medium,3.5,1908,"A compelling science fiction book by L. Frank Baum, exploring themes of hard sf.",Hard SF
B0025,Bram Stoker's Dracula omnibus,"Bram Stoker, Mary Shelley, Robert Louis Stevenson, Danide, Núria Pradas, Carmen Gil, Bram Stoker, Juan Antonio Molina Foix, Mario Montalbán, Leonard Wolf, ClassyBookRead, BRAM STOCKER, BRAM STOKER, Anna Gasol Trullols, Destinyalready Creative Writing Ink, Bram Stroker, Fay Weldon, Bram Stoker., Bess Georges, Alba Pagán, David Stuart Davies, David Rogers, A. R. S. BEL, Ferdinand Du Chevalier, Abraham Stoker, Sarah Prescott, Alex Rouse, Bram Stoke, A. Nessi, Bram Stoker ",Science Fiction,Hard SF,300,medium,3.5,1897,"A compelling science fiction book by Bram Stoker, Mary Shelley, Robert Louis Stevenson, Danide, Núria Pradas, Carmen Gil, Bram Stoker, Juan Antonio Molina Foix, Mario Montalbán, Leonard Wolf, ClassyBookRead, BRAM STOCKER, BRAM STOKER, Anna Gasol Trullols, Destinyalready Creative Writing Ink, Bram Stroker, Fay Weldon, Bram Stoker., Bess Georges, Alba Pagán, David Stuart Davies, David Rogers, A. R. S. BEL, Ferdinand Du Chevalier, Abraham Stoker, Sarah Prescott, Alex Rouse, Bram Stoke, A. Nessi, Bram Stoker , exploring themes of hard sf.",Hard SF
B0026,The Iron Heel,Jack London,Science Fiction,Hard SF,300,medium,4.2,1907,"A compelling science fiction book by Jack London, exploring themes of hard sf.",Hard SF
B0027,Flatland,Edwin Abbott Abbott,Science Fiction,Hard SF,300,medium,4.4,1884,"A compelling science fiction book by Edwin Abbott Abbott, exploring themes of hard sf.",Hard SF
B0028,The Invisible Man,H. G. Wells,Science Fiction,Hard SF,300,medium,4.3,0,"A compelling science fiction book by H. G. Wells, exploring themes of hard sf.",Hard SF
B0029,The Complete Life and Adventures of Santa Claus,L. Frank Baum,Science Fiction,Hard SF,300,medium,4.1,1902,"A compelling science fiction book by L. Frank Baum, exploring themes of hard sf.",Hard SF
B0030,Nineteen Eighty-Four,George Orwell,Science Fiction,Hard SF,300,medium,4.5,1949,"A compelling science fiction book by George Orwell, exploring themes of hard sf.",Hard SF
B0031,She,H. Rider Haggard,Science Fiction,Hard SF,300,medium,3.8,1886,"A compelling science fiction book by H. Rider Haggard, exploring themes of hard sf.",Hard SF
B0032,The Princess and Curdie,George MacDonald,Science Fiction,Hard SF,300,medium,4.4,1832,"A compelling science fiction book by George MacDonald, exploring themes of hard sf.",Hard SF
B0033,The Hobbit,J.R.R. Tolkien,Science Fiction,Hard SF,300,medium,4.2,1937,"A compelling science fiction book by J.R.R. Tolkien, exploring themes of hard sf.",Hard SF
B0034,Phantastes,George MacDonald,Science Fiction,Hard SF,300,medium,4.4,1850,"A compelling science fiction book by George MacDonald, exploring themes of hard sf.",Hard SF
B0035,A history of New York,Washington Irving,Science Fiction,Hard SF,300,medium,3.9,1800,"A compelling science fiction book by Washington Irving, exploring themes of hard sf.",Hard SF
B0036,The War of the Worlds,H. G. Wells,Science Fiction,Hard SF,300,medium,4.4,0,"A compelling science fiction book by H. G. Wells, exploring themes of hard sf.",Hard SF
B0037,A Princess of Mars,Edgar Rice Burroughs,Science Fiction,Hard SF,300,medium,4.3,1912,"A compelling science fiction book by Edgar Rice Burroughs, exploring themes of hard sf.",Hard SF
B0038,The Napoleon of Notting Hill,Gilbert Keith Chesterton,Science Fiction,Hard SF,300,medium,4.4,1904,"A compelling science fiction book by Gilbert Keith Chesterton, exploring themes of hard sf.",Hard SF
B0039,The Last Man,Mary Shelley,Science Fiction,Hard SF,300,medium,3.5,1826,"A compelling science fiction book by Mary Shelley, exploring themes of hard sf.",Hard SF
B0040,Le Tour du Monde en Quatre-Vingts Jours,Jules Verne,Science Fiction,Hard SF,300,medium,4.3,1872,"A compelling science fiction book by Jules Verne, exploring themes of hard sf.",Hard SF
B0041,"The Norsemen in the West, or, America before Columbus",Robert Michael Ballantyne,Science Fiction,Hard SF,300,medium,3.9,1872,"A compelling science fiction book by Robert Michael Ballantyne, exploring themes of hard sf.",Hard SF
B0042,De la démocratie en Amérique,"Alexis de Tocqueville, Gustave de Beaumont",Science Fiction,Hard SF,300,medium,4.2,1835,"A compelling science fiction book by Alexis de Tocqueville, Gustave de Beaumont, exploring themes of hard sf.",Hard SF
B0043,The warlord of Mars #3,Edgar Rice Burroughs,Science Fiction,Hard SF,300,medium,4.7,1914,"A compelling science fiction book by Edgar Rice Burroughs, exploring themes of hard sf.",Hard SF
B0044,Roughing It,Mark Twain,Science Fiction,Hard SF,300,medium,3.6,1872,"A compelling science fiction book by Mark Twain, exploring themes of hard sf.",Hard SF
B0045,Much Ado About Nothing,William Shakespeare,Science Fiction,Hard SF,300,medium,3.7,1600,"A compelling science fiction book by William Shakespeare, exploring themes of hard sf.",Hard SF
B0046,Harry Potter and the Philosopher's Stone,J. K. Rowling,Science Fiction,Hard SF,300,medium,3.8,1997,"A compelling science fiction book by J. K. Rowling, exploring themes of hard sf.",Hard SF
B0047,Братья Карамазовы,Fiódor Dostoievski,Science Fiction,Hard SF,300,medium,4.4,1880,"A compelling science fiction book by Fiódor Dostoievski, exploring themes of hard sf.",Hard SF
B0048,Vingt mille lieues sous les mers,Jules Verne,Science Fiction,Hard SF,300,medium,4.4,1870,"A compelling science fiction book by Jules Verne, exploring themes of hard sf.",Hard SF
B0049,The Golden Bough,James George Frazer,Science Fiction,Hard SF,300,medium,4.1,1890,"A compelling science fiction book by James George Frazer, exploring themes of hard sf.",Hard SF
B0050,The Strange Case of Dr. Jekyll and Mr. Hyde,Robert Louis Stevenson,Science Fiction,Hard SF,300,medium,4.1,1875,"A compelling science fiction book by Robert Louis Stevenson, exploring themes of hard sf.",Hard SF
B0051,Two years before the mast,Richard Henry Dana,Science Fiction,Hard SF,300,medium,3.6,1000,"A compelling science fiction book by Richard Henry Dana, exploring themes of hard sf.",Hard SF
B0052,The description of a new world,"Margaret Cavendish, Duchess of Newcastle",Science Fiction,Hard SF,300,medium,4.1,1666,"A compelling science fiction book by Margaret Cavendish, Duchess of Newcastle, exploring themes of hard sf.",Hard SF
B0053,"News from nowhere, or, An epoch of rest, being some chapters from a utopian romance",William Morris,Science Fiction,Hard SF,300,medium,4.0,1890,"A compelling science fiction book by William Morris, exploring themes of hard sf.",Hard SF
B0054,The Poison Belt,Arthur Conan Doyle,Science Fiction,Hard SF,300,medium,3.6,1913,"A compelling science fiction book by Arthur Conan Doyle, exploring themes of hard sf.",Hard SF
B0055,Erewhon,Samuel Butler,Science Fiction,Hard SF,300,medium,4.3,1700,"A compelling science fiction book by Samuel Butler, exploring themes of hard sf.",Hard SF
B0056,Tom Sawyer Abroad,Mark Twain,Science Fiction,Hard SF,300,medium,4.6,1894,"A compelling science fiction book by Mark Twain, exploring themes of hard sf.",Hard SF
B0057,Tono-Bungay,H. G. Wells,Science Fiction,Hard SF,300,medium,4.5,1890,"A compelling science fiction book by H. G. Wells, exploring themes of hard sf.",Hard SF
B0058,Flatland,Edwin Abbott Abbott,Science Fiction,Hard SF,300,medium,4.4,1886,"A compelling science fiction book by Edwin Abbott Abbott, exploring themes of hard sf.",Hard SF
B0059,The Gods of Mars,Edgar Rice Burroughs,Science Fiction,Hard SF,300,medium,4.7,1918,"A compelling science fiction book by Edgar Rice Burroughs, exploring themes of hard sf.",Hard SF
B0060,The Chessmen of Mars,Edgar Rice Burroughs,Science Fiction,Hard SF,300,medium,4.3,1922,"A compelling science fiction book by Edgar Rice Burroughs, exploring themes of hard sf.",Hard SF
B0061,The Machine Stops,E. M. Forster,Science Fiction,Hard SF,300,medium,4.4,1909,"A compelling science fiction book by E. M. Forster, exploring themes of hard sf.",Hard SF
B0062,A Vindication of Rights of Woman,Mary Wollstonecraft,Science Fiction,Hard SF,300,medium,3.8,1792,"A compelling science fiction book by Mary Wollstonecraft, exploring themes of hard sf.",Hard SF
B0063,Anthem,"Ayn Rand, classics jifara, Spectrum Spectrum Classics",Science Fiction,Hard SF,300,medium,3.5,1936,"A compelling science fiction book by Ayn Rand, classics jifara, Spectrum Spectrum Classics, exploring themes of hard sf.",Hard SF
B0064,With her in Ourland,"Charlotte Perkins Gilman, Sajad Hussain",Science Fiction,Hard SF,300,medium,3.9,1916,"A compelling science fiction book by Charlotte Perkins Gilman, Sajad Hussain, exploring themes of hard sf.",Hard SF
B0065,A Voyage to Arcturus,"David Lindsay, David Lindsay",Science Fiction,Hard SF,300,medium,4.5,1920,"A compelling science fiction book by David Lindsay, David Lindsay, exploring themes of hard sf.",Hard SF
B0066,The Island of Dr. Moreau,H. G. Wells,Science Fiction,Hard SF,300,medium,3.8,1896,"A compelling science fiction book by H. G. Wells, exploring themes of hard sf.",Hard SF
B0067,Gullivar of Mars,Edwin Lester Linden Arnold,Science Fiction,Hard SF,300,medium,3.8,1964,"A compelling science fiction book by Edwin Lester Linden Arnold, exploring themes of hard sf.",Hard SF
B0068,The Two Towers,J.R.R. Tolkien,Science Fiction,Hard SF,300,medium,4.7,1954,"A compelling science fiction book by J.R.R. Tolkien, exploring themes of hard sf.",Hard SF
B0069,Ἱστορίαι,Ἡρόδοτος,Science Fiction,Hard SF,300,medium,3.5,1494,"A compelling science fiction book by Ἡρόδοτος, exploring themes of hard sf.",Hard SF
B0070,Rights of Man,Thomas Paine,Science Fiction,Hard SF,300,medium,4.6,1791,"A compelling science fiction book by Thomas Paine, exploring themes of hard sf.",Hard SF
B0071,After London,Richard Jefferies,Science Fiction,Hard SF,300,medium,4.3,1885,"A compelling science fiction book by Richard Jefferies, exploring themes of hard sf.",Hard SF
B0072,Harry Potter and the Prisoner of Azkaban,J. K. Rowling,Science Fiction,Hard SF,300,medium,3.9,1999,"A compelling science fiction book by J. K. Rowling, exploring themes of hard sf.",Hard SF
B0073,Fahrenheit 451,Ray Bradbury,Science Fiction,Hard SF,300,medium,4.0,1953,"A compelling science fiction book by Ray Bradbury, exploring themes of hard sf.",Hard SF
B0074,The Coming Race,"Edward Bulwer Lytton, Baron Lytton",Science Fiction,Hard SF,300,medium,4.4,1871,"A compelling science fiction book by Edward Bulwer Lytton, Baron Lytton, exploring themes of hard sf.",Hard SF
B0075,A Doll's House,Henrik Ibsen,Science Fiction,Hard SF,300,medium,3.7,1889,"A compelling science fiction book by Henrik Ibsen, exploring themes of hard sf.",Hard SF
B0076,Ἀνάβασις,Xenophon,Science Fiction,Hard SF,300,medium,4.1,1623,"A compelling science fiction book by Xenophon, exploring themes of hard sf.",Hard SF
B0077,The wood beyond the world,William Morris,Science Fiction,Hard SF,300,medium,3.7,1894,"A compelling science fiction book by William Morris, exploring themes of hard sf.",Hard SF
B0078,The Lost Stradivarius,John Meade Falkner,Science Fiction,Hard SF,300,medium,4.7,1895,"A compelling science fiction book by John Meade Falkner, exploring themes of hard sf.",Hard SF
B0079,In Search of the Unknown,Robert W. Chambers,Science Fiction,Hard SF,300,medium,4.7,1904,"A compelling science fiction book by Robert W. Chambers, exploring themes of hard sf.",Hard SF
B0080,The Curious Case of Benjamin Button,F. Scott Fitzgerald,Science Fiction,Hard SF,300,medium,4.4,2007,"A compelling science fiction book by F. Scott Fitzgerald, exploring themes of hard sf.",Hard SF
B0081,Alice's Adventures in Wonderland,Lewis Carroll,Fantasy,High Fantasy,300,medium,4.0,1865,"A compelling fantasy book by Lewis Carroll, exploring themes of high fantasy.",High Fantasy
B0082,A Christmas Carol,Charles Dickens,Fantasy,High Fantasy,300,medium,3.7,1843,"A compelling fantasy book by Charles Dickens, exploring themes of high fantasy.",High Fantasy
B0083,The Picture of Dorian Gray,Oscar Wilde,Fantasy,High Fantasy,300,medium,4.2,1890,"A compelling fantasy book by Oscar Wilde, exploring themes of high fantasy.",High Fantasy
B0084,Robinson Crusoe,Daniel Defoe,Fantasy,High Fantasy,300,medium,4.5,1686,"A compelling fantasy book by Daniel Defoe, exploring themes of high fantasy.",High Fantasy
B0085,The Wonderful Wizard of Oz,L. Frank Baum,Fantasy,High Fantasy,300,medium,4.7,1899,"A compelling fantasy book by L. Frank Baum, exploring themes of high fantasy.",High Fantasy
B0086,Treasure Island,Robert Louis Stevenson,Fantasy,High Fantasy,300,medium,4.6,1880,"A compelling fantasy book by Robert Louis Stevenson, exploring themes of high fantasy.",High Fantasy
B0087,Dracula,Bram Stoker,Fantasy,High Fantasy,300,medium,4.5,1897,"A compelling fantasy book by Bram Stoker, exploring themes of high fantasy.",High Fantasy
B0088,Gulliver's Travels,Jonathan Swift,Fantasy,High Fantasy,300,medium,4.5,1726,"A compelling fantasy book by Jonathan Swift, exploring themes of high fantasy.",High Fantasy
B0089,The Call of the Wild,Jack London,Fantasy,High Fantasy,300,medium,4.6,1903,"A compelling fantasy book by Jack London, exploring themes of high fantasy.",High Fantasy
B0090,The Secret Garden,Frances Hodgson Burnett,Fantasy,High Fantasy,300,medium,4.5,1911,"A compelling fantasy book by Frances Hodgson Burnett, exploring themes of high fantasy.",High Fantasy
B0091,A Midsummer Night's Dream,William Shakespeare,Fantasy,High Fantasy,300,medium,3.6,1600,"A compelling fantasy book by William Shakespeare, exploring themes of high fantasy.",High Fantasy
B0092,The Prince,Niccolò Machiavelli,Fantasy,High Fantasy,300,medium,3.7,1515,"A compelling fantasy book by Niccolò Machiavelli, exploring themes of high fantasy.",High Fantasy
B0093,Through the Looking-Glass,Lewis Carroll,Fantasy,High Fantasy,300,medium,4.4,1865,"A compelling fantasy book by Lewis Carroll, exploring themes of high fantasy.",High Fantasy
B0094,The Wind in the Willows,Kenneth Grahame,Fantasy,High Fantasy,300,medium,4.2,1908,"A compelling fantasy book by Kenneth Grahame, exploring themes of high fantasy.",High Fantasy
B0095,Anne of Green Gables,Lucy Maud Montgomery,Fantasy,High Fantasy,300,medium,4.2,1908,"A compelling fantasy book by Lucy Maud Montgomery, exploring themes of high fantasy.",High Fantasy
B0096,The Time Machine,H. G. Wells,Fantasy,High Fantasy,300,medium,4.4,1895,"A compelling fantasy book by H. G. Wells, exploring themes of high fantasy.",High Fantasy
B0097,Moby Dick,Herman Melville,Fantasy,High Fantasy,300,medium,4.1,1851,"A compelling fantasy book by Herman Melville, exploring themes of high fantasy.",High Fantasy
B0098,King Solomon's Mines,H. Rider Haggard,Fantasy,High Fantasy,300,medium,4.1,1876,"A compelling fantasy book by H. Rider Haggard, exploring themes of high fantasy.",High Fantasy
B0099,The Man Who Was Thursday,Gilbert Keith Chesterton,Fantasy,High Fantasy,300,medium,4.3,1908,"A compelling fantasy book by Gilbert Keith Chesterton, exploring themes of high fantasy.",High Fantasy
B0100,The Legend of Sleepy Hollow,Washington Irving,Fantasy,High Fantasy,300,medium,3.6,1820,"A compelling fantasy book by Washington Irving, exploring themes of high fantasy.",High Fantasy
B0101,Metamorphosis,Franz Kafka,Fantasy,High Fantasy,300,medium,4.3,1915,"A compelling fantasy book by Franz Kafka, exploring themes of high fantasy.",High Fantasy
B0102,Five Children and It,Edith Nesbit,Fantasy,High Fantasy,300,medium,4.3,1905,"A compelling fantasy book by Edith Nesbit, exploring themes of high fantasy.",High Fantasy
B0103,A Connecticut Yankee in King Arthur's Court,Mark Twain,Fantasy,High Fantasy,300,medium,4.2,1889,"A compelling fantasy book by Mark Twain, exploring themes of high fantasy.",High Fantasy
B0104,Der Proceß,Franz Kafka,Fantasy,High Fantasy,300,medium,3.6,1825,"A compelling fantasy book by Franz Kafka, exploring themes of high fantasy.",High Fantasy
B0105,The Blue Fairy Book,Andrew Lang,Fantasy,High Fantasy,300,medium,4.7,1889,"A compelling fantasy book by Andrew Lang, exploring themes of high fantasy.",High Fantasy
B0106,The Princess and the Goblin,George MacDonald,Fantasy,High Fantasy,300,medium,4.0,1872,"A compelling fantasy book by George MacDonald, exploring themes of high fantasy.",High Fantasy
B0107,The Lost World,Arthur Conan Doyle,Fantasy,High Fantasy,300,medium,4.5,1900,"A compelling fantasy book by Arthur Conan Doyle, exploring themes of high fantasy.",High Fantasy
B0108,The Marvelous Land of Oz,L. Frank Baum,Fantasy,High Fantasy,300,medium,3.8,1904,"A compelling fantasy book by L. Frank Baum, exploring themes of high fantasy.",High Fantasy
B0109,Ozma of Oz,L. Frank Baum,Fantasy,High Fantasy,300,medium,4.7,1907,"A compelling fantasy book by L. Frank Baum, exploring themes of high fantasy.",High Fantasy
B0110,Le petit prince,Antoine de Saint-Exupéry,Fantasy,High Fantasy,300,medium,4.4,1943,"A compelling fantasy book by Antoine de Saint-Exupéry, exploring themes of high fantasy.",High Fantasy
B0111,The Story of the Treasure Seekers,Edith Nesbit,Fantasy,High Fantasy,300,medium,4.5,1899,"A compelling fantasy book by Edith Nesbit, exploring themes of high fantasy.",High Fantasy
B0112,The Emerald City of Oz,L. Frank Baum,Fantasy,High Fantasy,300,medium,4.4,1910,"A compelling fantasy book by L. Frank Baum, exploring themes of high fantasy.",High Fantasy
B0113,Herland,"Charlotte Perkins Gilman, Alex Goody, Eva Kumar, Evelynn D. Smith, Chavdar Georgiev, Booking, Aurora Irvine",Fantasy,High Fantasy,300,medium,4.3,1915,"A compelling fantasy book by Charlotte Perkins Gilman, Alex Goody, Eva Kumar, Evelynn D. Smith, Chavdar Georgiev, Booking, Aurora Irvine, exploring themes of high fantasy.",High Fantasy
B0114,Dorothy and the Wizard in Oz,L. Frank Baum,Fantasy,High Fantasy,300,medium,3.5,1908,"A compelling fantasy book by L. Frank Baum, exploring themes of high fantasy.",High Fantasy
B0115,The Lost Princess of Oz,L. Frank Baum,Fantasy,High Fantasy,300,medium,4.6,1917,"A compelling fantasy book by L. Frank Baum, exploring themes of high fantasy.",High Fantasy
B0116,Flatland,Edwin Abbott Abbott,Fantasy,High Fantasy,300,medium,4.4,1884,"A compelling fantasy book by Edwin Abbott Abbott, exploring themes of high fantasy.",High Fantasy
B0117,The Castle of Otranto,Horace Walpole,Fantasy,High Fantasy,300,medium,3.5,1764,"A compelling fantasy book by Horace Walpole, exploring themes of high fantasy.",High Fantasy
B0118,The Story of the Amulet,Edith Nesbit,Fantasy,High Fantasy,300,medium,4.5,1905,"A compelling fantasy book by Edith Nesbit, exploring themes of high fantasy.",High Fantasy
B0119,Carmilla,Sheridan Le Fanu,Fantasy,High Fantasy,300,medium,4.4,1871,"A compelling fantasy book by Sheridan Le Fanu, exploring themes of high fantasy.",High Fantasy
B0120,Women in Love,D. H. Lawrence,Fantasy,High Fantasy,300,medium,4.2,1877,"A compelling fantasy book by D. H. Lawrence, exploring themes of high fantasy.",High Fantasy
B0121,The Turn of the Screw,Henry James,Fantasy,High Fantasy,300,medium,4.0,1898,"A compelling fantasy book by Henry James, exploring themes of high fantasy.",High Fantasy
B0122,The Invisible Man,H. G. Wells,Fantasy,High Fantasy,300,medium,4.3,0,"A compelling fantasy book by H. G. Wells, exploring themes of high fantasy.",High Fantasy
B0123,The Complete Life and Adventures of Santa Claus,L. Frank Baum,Fantasy,High Fantasy,300,medium,4.1,1902,"A compelling fantasy book by L. Frank Baum, exploring themes of high fantasy.",High Fantasy
B0124,Nineteen Eighty-Four,George Orwell,Fantasy,High Fantasy,300,medium,4.5,1949,"A compelling fantasy book by George Orwell, exploring themes of high fantasy.",High Fantasy
B0125,Alice's Adventures in Wonderland / Through the Looking Glass,Lewis Carroll,Fantasy,High Fantasy,300,medium,3.5,1889,"A compelling fantasy book by Lewis Carroll, exploring themes of high fantasy.",High Fantasy
B0126,The Road to Oz,L. Frank Baum,Fantasy,High Fantasy,300,medium,4.2,1909,"A compelling fantasy book by L. Frank Baum, exploring themes of high fantasy.",High Fantasy
B0127,The Sea Fairies,L. Frank Baum,Fantasy,High Fantasy,300,medium,4.1,1911,"A compelling fantasy book by L. Frank Baum, exploring themes of high fantasy.",High Fantasy
B0128,Les Misérables,Victor Hugo,Fantasy,High Fantasy,300,medium,3.7,1862,"A compelling fantasy book by Victor Hugo, exploring themes of high fantasy.",High Fantasy
B0129,Moonfleet,John Meade Falkner,Fantasy,High Fantasy,300,medium,3.7,1898,"A compelling fantasy book by John Meade Falkner, exploring themes of high fantasy.",High Fantasy
B0130,Baum's American Fairy Tales,L. Frank Baum,Fantasy,High Fantasy,300,medium,3.7,1901,"A compelling fantasy book by L. Frank Baum, exploring themes of high fantasy.",High Fantasy
B0131,Sky Island,L. Frank Baum,Fantasy,High Fantasy,300,medium,3.9,1912,"A compelling fantasy book by L. Frank Baum, exploring themes of high fantasy.",High Fantasy
B0132,The Crimson Fairy Book,Andrew Lang,Fantasy,High Fantasy,300,medium,4.0,1903,"A compelling fantasy book by Andrew Lang, exploring themes of high fantasy.",High Fantasy
B0133,She,H. Rider Haggard,Fantasy,High Fantasy,300,medium,3.8,1886,"A compelling fantasy book by H. Rider Haggard, exploring themes of high fantasy.",High Fantasy
B0134,The Happy Prince and other tales,Oscar Wilde,Fantasy,High Fantasy,300,medium,4.3,1888,"A compelling fantasy book by Oscar Wilde, exploring themes of high fantasy.",High Fantasy
B0135,The Orange Fairy Book,Andrew Lang,Fantasy,High Fantasy,300,medium,3.8,1906,"A compelling fantasy book by Andrew Lang, exploring themes of high fantasy.",High Fantasy
B0136,The Scarecrow of Oz,L. Frank Baum,Fantasy,High Fantasy,300,medium,3.7,1915,"A compelling fantasy book by L. Frank Baum, exploring themes of high fantasy.",High Fantasy
B0137,The Patchwork Girl of Oz,L. Frank Baum,Fantasy,High Fantasy,300,medium,4.2,1913,"A compelling fantasy book by L. Frank Baum, exploring themes of high fantasy.",High Fantasy
B0138,At the Back of the North Wind,George MacDonald,Fantasy,High Fantasy,300,medium,3.5,1871,"A compelling fantasy book by George MacDonald, exploring themes of high fantasy.",High Fantasy
B0139,The Magic of Oz,L. Frank Baum,Fantasy,High Fantasy,300,medium,4.5,1919,"A compelling fantasy book by L. Frank Baum, exploring themes of high fantasy.",High Fantasy
B0140,Tik-Tok of Oz,L. Frank Baum,Fantasy,High Fantasy,300,medium,4.1,1914,"A compelling fantasy book by L. Frank Baum, exploring themes of high fantasy.",High Fantasy
B0141,Rinkitink in Oz,L. Frank Baum,Fantasy,High Fantasy,300,medium,4.5,1916,"A compelling fantasy book by L. Frank Baum, exploring themes of high fantasy.",High Fantasy
B0142,The Princess and Curdie,George MacDonald,Fantasy,High Fantasy,300,medium,4.4,1832,"A compelling fantasy book by George MacDonald, exploring themes of high fantasy.",High Fantasy
B0143,The Hobbit,J.R.R. Tolkien,Fantasy,High Fantasy,300,medium,4.2,1937,"A compelling fantasy book by J.R.R. Tolkien, exploring themes of high fantasy.",High Fantasy
B0144,The Red Fairy Book,Andrew Lang,Fantasy,High Fantasy,300,medium,4.7,1890,"A compelling fantasy book by Andrew Lang, exploring themes of high fantasy.",High Fantasy
B0145,Lilith,George MacDonald,Fantasy,High Fantasy,300,medium,3.7,1895,"A compelling fantasy book by George MacDonald, exploring themes of high fantasy.",High Fantasy
B0146,The King in Yellow,Robert W. Chambers,Fantasy,High Fantasy,300,medium,3.7,1895,"A compelling fantasy book by Robert W. Chambers, exploring themes of high fantasy.",High Fantasy
B0147,The Enchanted Castle,Edith Nesbit,Fantasy,High Fantasy,300,medium,4.2,1907,"A compelling fantasy book by Edith Nesbit, exploring themes of high fantasy.",High Fantasy
B0148,Phantastes,George MacDonald,Fantasy,High Fantasy,300,medium,4.4,1850,"A compelling fantasy book by George MacDonald, exploring themes of high fantasy.",High Fantasy
B0149,The House of Seven Gables Readalong,Nathaniel Hawthorne,Fantasy,High Fantasy,300,medium,4.0,1851,"A compelling fantasy book by Nathaniel Hawthorne, exploring themes of high fantasy.",High Fantasy
B0150,Barchester Towers,Anthony Trollope,Fantasy,High Fantasy,300,medium,3.5,1815,"A compelling fantasy book by Anthony Trollope, exploring themes of high fantasy.",High Fantasy
B0151,Ayesha,H. Rider Haggard,Fantasy,High Fantasy,300,medium,4.3,1900,"A compelling fantasy book by H. Rider Haggard, exploring themes of high fantasy.",High Fantasy
B0152,The Tin Woodman of Oz,L. Frank Baum,Fantasy,High Fantasy,300,medium,3.6,1918,"A compelling fantasy book by L. Frank Baum, exploring themes of high fantasy.",High Fantasy
B0153,The Violet Fairy Book (Large Print),Andrew Lang,Fantasy,High Fantasy,300,medium,3.7,1901,"A compelling fantasy book by Andrew Lang, exploring themes of high fantasy.",High Fantasy
B0154,The Yellow Fairy Book,"Andrew Lang, Leonora Blanche Lang",Fantasy,High Fantasy,300,medium,4.4,1894,"A compelling fantasy book by Andrew Lang, Leonora Blanche Lang, exploring themes of high fantasy.",High Fantasy
B0155,The War of the Worlds,H. G. Wells,Fantasy,High Fantasy,300,medium,4.4,0,"A compelling fantasy book by H. G. Wells, exploring themes of high fantasy.",High Fantasy
B0156,A Princess of Mars,Edgar Rice Burroughs,Fantasy,High Fantasy,300,medium,4.3,1912,"A compelling fantasy book by Edgar Rice Burroughs, exploring themes of high fantasy.",High Fantasy
B0157,The Napoleon of Notting Hill,Gilbert Keith Chesterton,Fantasy,High Fantasy,300,medium,4.4,1904,"A compelling fantasy book by Gilbert Keith Chesterton, exploring themes of high fantasy.",High Fantasy
B0158,Glinda of Oz,L. Frank Baum,Fantasy,High Fantasy,300,medium,4.3,1920,"A compelling fantasy book by L. Frank Baum, exploring themes of high fantasy.",High Fantasy
B0159,Orlando,Virginia Woolf,Fantasy,High Fantasy,300,medium,3.5,1928,"A compelling fantasy book by Virginia Woolf, exploring themes of high fantasy.",High Fantasy
B0160,Metamorphoses,"Lucius Apuleius, William Adlington, Lucio Apuleyo, Lucio Apuleio, Apuleio, Apuleius, Marina Cavalli, Costanza Viareggi, Firenzuola, Agnolo, Matteo Maria Boiardo, Nicolò Zoppino, Vicentio",Fantasy,High Fantasy,300,medium,3.5,1500,"A compelling fantasy book by Lucius Apuleius, William Adlington, Lucio Apuleyo, Lucio Apuleio, Apuleio, Apuleius, Marina Cavalli, Costanza Viareggi, Firenzuola, Agnolo, Matteo Maria Boiardo, Nicolò Zoppino, Vicentio, exploring themes of high fantasy.",High Fantasy
B0161,Oliver Twist,Charles Dickens,Mystery,Thriller,300,medium,4.7,1822,"A compelling mystery book by Charles Dickens, exploring themes of thriller.",Thriller
B0162,The Secret Garden,Frances Hodgson Burnett,Mystery,Thriller,300,medium,4.5,1911,"A compelling mystery book by Frances Hodgson Burnett, exploring themes of thriller.",Thriller
B0163,A Study in Scarlet,Arthur Conan Doyle,Mystery,Thriller,300,medium,3.9,1887,"A compelling mystery book by Arthur Conan Doyle, exploring themes of thriller.",Thriller
B0164,The Hound of the Baskervilles,Arthur Conan Doyle,Mystery,Thriller,300,medium,4.6,1900,"A compelling mystery book by Arthur Conan Doyle, exploring themes of thriller.",Thriller
B0165,Преступление и наказание,Fiódor Dostoievski,Mystery,Thriller,300,medium,3.9,1866,"A compelling mystery book by Fiódor Dostoievski, exploring themes of thriller.",Thriller
B0166,The Adventures of Sherlock Holmes [12 stories],Arthur Conan Doyle,Mystery,Thriller,300,medium,4.5,1892,"A compelling mystery book by Arthur Conan Doyle, exploring themes of thriller.",Thriller
B0167,The Man Who Was Thursday,Gilbert Keith Chesterton,Mystery,Thriller,300,medium,4.3,1908,"A compelling mystery book by Gilbert Keith Chesterton, exploring themes of thriller.",Thriller
B0168,The Mysterious Affair at Styles,Agatha Christie,Mystery,Thriller,300,medium,4.2,1920,"A compelling mystery book by Agatha Christie, exploring themes of thriller.",Thriller
B0169,The Moonstone,Wilkie Collins,Mystery,Thriller,300,medium,4.0,1800,"A compelling mystery book by Wilkie Collins, exploring themes of thriller.",Thriller
B0170,The Sign of Four,Arthur Conan Doyle,Mystery,Thriller,300,medium,4.4,1889,"A compelling mystery book by Arthur Conan Doyle, exploring themes of thriller.",Thriller
B0171,The Thirty-Nine Steps,John Buchan,Mystery,Thriller,300,medium,3.9,1915,"A compelling mystery book by John Buchan, exploring themes of thriller.",Thriller
B0172,The Innocence of Father Brown (Father Brown Mystery),Gilbert Keith Chesterton,Mystery,Thriller,300,medium,4.5,1583,"A compelling mystery book by Gilbert Keith Chesterton, exploring themes of thriller.",Thriller
B0173,The Secret Adversary,Agatha Christie,Mystery,Thriller,300,medium,4.7,1922,"A compelling mystery book by Agatha Christie, exploring themes of thriller.",Thriller
B0174,A Connecticut Yankee in King Arthur's Court,Mark Twain,Mystery,Thriller,300,medium,4.2,1889,"A compelling mystery book by Mark Twain, exploring themes of thriller.",Thriller
B0175,The Valley of Fear,Arthur Conan Doyle,Mystery,Thriller,300,medium,3.7,1914,"A compelling mystery book by Arthur Conan Doyle, exploring themes of thriller.",Thriller
B0176,The Lost World,Arthur Conan Doyle,Mystery,Thriller,300,medium,4.5,1900,"A compelling mystery book by Arthur Conan Doyle, exploring themes of thriller.",Thriller
B0177,The Woman in White,"Wilkie Collins, William Collins",Mystery,Thriller,300,medium,3.8,1859,"A compelling mystery book by Wilkie Collins, William Collins, exploring themes of thriller.",Thriller
B0178,"Henry VI, Part 3",William Shakespeare,Mystery,Thriller,300,medium,3.8,1600,"A compelling mystery book by William Shakespeare, exploring themes of thriller.",Thriller
B0179,The Man Who Knew Too Much,Gilbert Keith Chesterton,Mystery,Thriller,300,medium,4.2,1922,"A compelling mystery book by Gilbert Keith Chesterton, exploring themes of thriller.",Thriller
B0180,Silas Marner,"George Eliot, John O'Connor, Mary Anne Evans, Hugh Thomson, Julius Frese",Mystery,Thriller,300,medium,4.2,1800,"A compelling mystery book by George Eliot, John O'Connor, Mary Anne Evans, Hugh Thomson, Julius Frese, exploring themes of thriller.",Thriller
B0181,The mystery of Edwin Drood,"Charles Dickens, Samuel Luke Fildes, Charles Bernard Derosne, TC, John Cuming Walters",Mystery,Thriller,300,medium,4.3,1870,"A compelling mystery book by Charles Dickens, Samuel Luke Fildes, Charles Bernard Derosne, TC, John Cuming Walters, exploring themes of thriller.",Thriller
B0182,His Last Bow [8 stories],Arthur Conan Doyle,Mystery,Thriller,300,medium,4.6,1917,"A compelling mystery book by Arthur Conan Doyle, exploring themes of thriller.",Thriller
B0183,The Castle of Otranto,Horace Walpole,Mystery,Thriller,300,medium,3.5,1764,"A compelling mystery book by Horace Walpole, exploring themes of thriller.",Thriller
B0184,The Story of the Amulet,Edith Nesbit,Mystery,Thriller,300,medium,4.5,1905,"A compelling mystery book by Edith Nesbit, exploring themes of thriller.",Thriller
B0185,Carmilla,Sheridan Le Fanu,Mystery,Thriller,300,medium,4.4,1871,"A compelling mystery book by Sheridan Le Fanu, exploring themes of thriller.",Thriller
B0186,The Invisible Man,H. G. Wells,Mystery,Thriller,300,medium,4.3,0,"A compelling mystery book by H. G. Wells, exploring themes of thriller.",Thriller
B0187,Heart of Darkness,Joseph Conrad,Mystery,Thriller,300,medium,3.6,1899,"A compelling mystery book by Joseph Conrad, exploring themes of thriller.",Thriller
B0188,The Return of Sherlock Holmes,Arthur Conan Doyle,Mystery,Thriller,300,medium,3.6,1903,"A compelling mystery book by Arthur Conan Doyle, exploring themes of thriller.",Thriller
B0189,The Murders in the Rue Morgue,Edgar Allan Poe,Mystery,Thriller,300,medium,4.1,1841,"A compelling mystery book by Edgar Allan Poe, exploring themes of thriller.",Thriller
B0190,The Riddle of the Sands,Erskine Childers,Mystery,Thriller,300,medium,3.9,1903,"A compelling mystery book by Erskine Childers, exploring themes of thriller.",Thriller
B0191,Memoirs of Sherlock Holmes [11 stories],Arthur Conan Doyle,Mystery,Thriller,300,medium,4.4,1893,"A compelling mystery book by Arthur Conan Doyle, exploring themes of thriller.",Thriller
B0192,Greenmantle,John Buchan,Mystery,Thriller,300,medium,3.5,1915,"A compelling mystery book by John Buchan, exploring themes of thriller.",Thriller
B0193,The Club of Queer Trades,Gilbert Keith Chesterton,Mystery,Thriller,300,medium,4.1,1900,"A compelling mystery book by Gilbert Keith Chesterton, exploring themes of thriller.",Thriller
B0194,At the Back of the North Wind,George MacDonald,Mystery,Thriller,300,medium,3.5,1871,"A compelling mystery book by George MacDonald, exploring themes of thriller.",Thriller
B0195,The Wisdom of Father Brown,Gilbert Keith Chesterton,Mystery,Thriller,300,medium,4.6,1913,"A compelling mystery book by Gilbert Keith Chesterton, exploring themes of thriller.",Thriller
B0196,Glinda of Oz,L. Frank Baum,Mystery,Thriller,300,medium,4.3,1920,"A compelling mystery book by L. Frank Baum, exploring themes of thriller.",Thriller
B0197,Basil,Wilkie Collins,Mystery,Thriller,300,medium,4.6,1852,"A compelling mystery book by Wilkie Collins, exploring themes of thriller.",Thriller
B0198,The Mysterious Rider,Zane Grey,Mystery,Thriller,300,medium,4.7,1921,"A compelling mystery book by Zane Grey, exploring themes of thriller.",Thriller
B0199,Harry Potter and the Philosopher's Stone,J. K. Rowling,Mystery,Thriller,300,medium,3.8,1997,"A compelling mystery book by J. K. Rowling, exploring themes of thriller.",Thriller
B0200,Hound of the Baskervilles,"Arthur Conan Doyle, Althos Low",Mystery,Thriller,300,medium,3.7,1902,"A compelling mystery book by Arthur Conan Doyle, Althos Low, exploring themes of thriller.",Thriller
B0201,Love Insurance,Earl Derr Biggers,Mystery,Thriller,300,medium,4.1,1914,"A compelling mystery book by Earl Derr Biggers, exploring themes of thriller.",Thriller
B0202,A strange disappearance,"Anna Katharine Green, Anna Green, Ann Green",Mystery,Thriller,300,medium,3.9,1879,"A compelling mystery book by Anna Katharine Green, Anna Green, Ann Green, exploring themes of thriller.",Thriller
B0203,The Law and the Lady,"Wilkie Collins, Camille de Cendrey, Jenny Bourne Taylor",Mystery,Thriller,300,medium,4.3,1875,"A compelling mystery book by Wilkie Collins, Camille de Cendrey, Jenny Bourne Taylor, exploring themes of thriller.",Thriller
B0204,The Insidious Dr. Fu Manchu,Sax Rohmer,Mystery,Thriller,300,medium,4.1,1913,"A compelling mystery book by Sax Rohmer, exploring themes of thriller.",Thriller
B0205,The Strange Case of Dr. Jekyll and Mr. Hyde,Robert Louis Stevenson,Mystery,Thriller,300,medium,4.1,1875,"A compelling mystery book by Robert Louis Stevenson, exploring themes of thriller.",Thriller
B0206,Raspberry Jam,Carolyn Wells,Mystery,Thriller,300,medium,4.3,1920,"A compelling mystery book by Carolyn Wells, exploring themes of thriller.",Thriller
B0207,Trent's Last Case,E. C. Bentley,Mystery,Thriller,300,medium,4.6,1900,"A compelling mystery book by E. C. Bentley, exploring themes of thriller.",Thriller
B0208,Barnaby Rudge,"Charles Dickens, Eileen Warren Norris",Mystery,Thriller,300,medium,3.5,1840,"A compelling mystery book by Charles Dickens, Eileen Warren Norris, exploring themes of thriller.",Thriller
B0209,Kidnapped,Robert Louis Stevenson,Mystery,Thriller,300,medium,4.6,1886,"A compelling mystery book by Robert Louis Stevenson, exploring themes of thriller.",Thriller
B0210,The Poison Belt,Arthur Conan Doyle,Mystery,Thriller,300,medium,3.6,1913,"A compelling mystery book by Arthur Conan Doyle, exploring themes of thriller.",Thriller
B0211,Prester John,John Buchan,Mystery,Thriller,300,medium,3.6,1900,"A compelling mystery book by John Buchan, exploring themes of thriller.",Thriller
B0212,The Secret Agent,Joseph Conrad,Mystery,Thriller,300,medium,3.5,1907,"A compelling mystery book by Joseph Conrad, exploring themes of thriller.",Thriller
B0213,Tom Sawyer Abroad,Mark Twain,Mystery,Thriller,300,medium,4.6,1894,"A compelling mystery book by Mark Twain, exploring themes of thriller.",Thriller
B0214,Middlemarch,George Eliot,Mystery,Thriller,300,medium,4.2,1800,"A compelling mystery book by George Eliot, exploring themes of thriller.",Thriller
B0215,Whose Body?,Dorothy L. Sayers,Mystery,Thriller,300,medium,4.0,1923,"A compelling mystery book by Dorothy L. Sayers, exploring themes of thriller.",Thriller
B0216,The Clue of the Twisted Candle,Edgar Wallace,Mystery,Thriller,300,medium,3.6,1900,"A compelling mystery book by Edgar Wallace, exploring themes of thriller.",Thriller
B0217,Dead Men's Money,Joseph Smith Fletcher,Mystery,Thriller,300,medium,4.2,1920,"A compelling mystery book by Joseph Smith Fletcher, exploring themes of thriller.",Thriller
B0218,Seven keys to Baldpate,Earl Derr Biggers,Mystery,Thriller,300,medium,3.5,1913,"A compelling mystery book by Earl Derr Biggers, exploring themes of thriller.",Thriller
B0219,The Black Robe,Wilkie Collins,Mystery,Thriller,300,medium,3.6,1881,"A compelling mystery book by Wilkie Collins, exploring themes of thriller.",Thriller
B0220,The Evil Shepherd,Edward Phillips Oppenheim,Mystery,Thriller,300,medium,4.5,1922,"A compelling mystery book by Edward Phillips Oppenheim, exploring themes of thriller.",Thriller
B0221,The Case-Book of Sherlock Holmes,Arthur Conan Doyle,Mystery,Thriller,300,medium,4.1,1927,"A compelling mystery book by Arthur Conan Doyle, exploring themes of thriller.",Thriller
B0222,The Haunted Hotel,Wilkie Collins,Mystery,Thriller,300,medium,3.8,1878,"A compelling mystery book by Wilkie Collins, exploring themes of thriller.",Thriller
B0223,"Curious, if true",Elizabeth Cleghorn Gaskell,Mystery,Thriller,300,medium,3.6,1995,"A compelling mystery book by Elizabeth Cleghorn Gaskell, exploring themes of thriller.",Thriller
B0224,"Tom Sawyer, Detective",Mark Twain,Mystery,Thriller,300,medium,4.2,1897,"A compelling mystery book by Mark Twain, exploring themes of thriller.",Thriller
B0225,The Lone Wolf,Louis Joseph Vance,Mystery,Thriller,300,medium,4.3,1914,"A compelling mystery book by Louis Joseph Vance, exploring themes of thriller.",Thriller
B0226,Murder on the Links,Agatha Christie,Mystery,Thriller,300,medium,4.0,1923,"A compelling mystery book by Agatha Christie, exploring themes of thriller.",Thriller
B0227,Manalive,Gilbert Keith Chesterton,Mystery,Thriller,300,medium,4.2,1912,"A compelling mystery book by Gilbert Keith Chesterton, exploring themes of thriller.",Thriller
B0228,The Middle of Things,Joseph Smith Fletcher,Mystery,Thriller,300,medium,4.7,1922,"A compelling mystery book by Joseph Smith Fletcher, exploring themes of thriller.",Thriller
B0229,Armadale,Wilkie Collins,Mystery,Thriller,300,medium,4.3,1866,"A compelling mystery book by Wilkie Collins, exploring themes of thriller.",Thriller
B0230,Fifty Candles,Earl Derr Biggers,Mystery,Thriller,300,medium,4.2,1926,"A compelling mystery book by Earl Derr Biggers, exploring themes of thriller.",Thriller
B0231,The great impersonation,Edward Phillips Oppenheim,Mystery,Thriller,300,medium,4.2,1920,"A compelling mystery book by Edward Phillips Oppenheim, exploring themes of thriller.",Thriller
B0232,The Angel of Terror,Edgar Wallace,Mystery,Thriller,300,medium,4.7,1923,"A compelling mystery book by Edgar Wallace, exploring themes of thriller.",Thriller
B0233,The Lost Stradivarius,John Meade Falkner,Mystery,Thriller,300,medium,4.7,1895,"A compelling mystery book by John Meade Falkner, exploring themes of thriller.",Thriller
B0234,Murder on the Orient Express,Agatha Christie,Mystery,Thriller,300,medium,4.5,1933,"A compelling mystery book by Agatha Christie, exploring themes of thriller.",Thriller
B0235,"A bid for fortune, or, Dr. Nikola's vendetta",Guy Boothby,Mystery,Thriller,300,medium,4.0,1895,"A compelling mystery book by Guy Boothby, exploring themes of thriller.",Thriller
B0236,The Vanished Messenger,Edward Phillips Oppenheim,Mystery,Thriller,300,medium,4.2,1914,"A compelling mystery book by Edward Phillips Oppenheim, exploring themes of thriller.",Thriller
B0237,No name,Wilkie Collins,Mystery,Thriller,300,medium,3.6,1862,"A compelling mystery book by Wilkie Collins, exploring themes of thriller.",Thriller
B0238,Uncle Bernac,Arthur Conan Doyle,Mystery,Thriller,300,medium,4.6,1897,"A compelling mystery book by Arthur Conan Doyle, exploring themes of thriller.",Thriller
B0239,The Moon Pool,A. Merritt,Mystery,Thriller,300,medium,4.3,1919,"A compelling mystery book by A. Merritt, exploring themes of thriller.",Thriller
B0240,The Man in Lower Ten,Mary Roberts Rinehart,Mystery,Thriller,300,medium,4.0,1909,"A compelling mystery book by Mary Roberts Rinehart, exploring themes of thriller.",Thriller
B0241,Pride and Prejudice,Jane Austen,Romance,Contemporary Romance,300,easy,4.0,1813,"A compelling romance book by Jane Austen, exploring themes of contemporary romance.",Contemporary Romance
B0242,A Christmas Carol,Charles Dickens,Romance,Contemporary Romance,300,easy,3.7,1843,"A compelling romance book by Charles Dickens, exploring themes of contemporary romance.",Contemporary Romance
B0243,Wuthering Heights,Emily Brontë,Romance,Contemporary Romance,300,easy,4.0,1846,"A compelling romance book by Emily Brontë, exploring themes of contemporary romance.",Contemporary Romance
B0244,The Scarlet Letter,Nathaniel Hawthorne,Romance,Contemporary Romance,300,easy,3.9,1800,"A compelling romance book by Nathaniel Hawthorne, exploring themes of contemporary romance.",Contemporary Romance
B0245,Emma,Jane Austen,Romance,Contemporary Romance,300,easy,4.2,1815,"A compelling romance book by Jane Austen, exploring themes of contemporary romance.",Contemporary Romance
B0246,Sense and Sensibility,Jane Austen,Romance,Contemporary Romance,300,easy,4.2,1811,"A compelling romance book by Jane Austen, exploring themes of contemporary romance.",Contemporary Romance
B0247,Little Women,Louisa May Alcott,Romance,Contemporary Romance,300,easy,4.4,1848,"A compelling romance book by Louisa May Alcott, exploring themes of contemporary romance.",Contemporary Romance
B0248,Don Quijote de la Mancha,Miguel de Cervantes Saavedra,Romance,Contemporary Romance,300,easy,4.3,1600,"A compelling romance book by Miguel de Cervantes Saavedra, exploring themes of contemporary romance.",Contemporary Romance
B0249,Madame Bovary,Gustave Flaubert,Romance,Contemporary Romance,300,easy,3.8,1856,"A compelling romance book by Gustave Flaubert, exploring themes of contemporary romance.",Contemporary Romance
B0250,A Midsummer Night's Dream,William Shakespeare,Romance,Contemporary Romance,300,easy,3.6,1600,"A compelling romance book by William Shakespeare, exploring themes of contemporary romance.",Contemporary Romance
B0251,La Divina Commedia,Dante Alighieri,Romance,Contemporary Romance,300,easy,4.0,1472,"A compelling romance book by Dante Alighieri, exploring themes of contemporary romance.",Contemporary Romance
B0252,Анна Каренина,Лев Толстой,Romance,Contemporary Romance,300,easy,4.0,1876,"A compelling romance book by Лев Толстой, exploring themes of contemporary romance.",Contemporary Romance
B0253,Persuasion,Jane Austen,Romance,Contemporary Romance,300,easy,4.1,1789,"A compelling romance book by Jane Austen, exploring themes of contemporary romance.",Contemporary Romance
B0254,The Great Gatsby,F. Scott Fitzgerald,Romance,Contemporary Romance,300,easy,4.0,1920,"A compelling romance book by F. Scott Fitzgerald, exploring themes of contemporary romance.",Contemporary Romance
B0255,Jane Eyre,Charlotte Brontë,Romance,Contemporary Romance,300,easy,4.1,1847,"A compelling romance book by Charlotte Brontë, exploring themes of contemporary romance.",Contemporary Romance
B0256,Moby Dick,Herman Melville,Romance,Contemporary Romance,300,easy,4.1,1851,"A compelling romance book by Herman Melville, exploring themes of contemporary romance.",Contemporary Romance
B0257,Mansfield Park,Jane Austen,Romance,Contemporary Romance,300,easy,4.3,1814,"A compelling romance book by Jane Austen, exploring themes of contemporary romance.",Contemporary Romance
B0258,Les trois Mousquetaires,Alexandre Dumas,Romance,Contemporary Romance,300,easy,3.9,1844,"A compelling romance book by Alexandre Dumas, exploring themes of contemporary romance.",Contemporary Romance
B0259,Candide,Voltaire,Romance,Contemporary Romance,300,easy,4.1,1746,"A compelling romance book by Voltaire, exploring themes of contemporary romance.",Contemporary Romance
B0260,Northanger Abbey,Jane Austen,Romance,Contemporary Romance,300,easy,3.9,1818,"A compelling romance book by Jane Austen, exploring themes of contemporary romance.",Contemporary Romance
B0261,Ethan Frome,Edith Wharton,Romance,Contemporary Romance,300,easy,4.3,1910,"A compelling romance book by Edith Wharton, exploring themes of contemporary romance.",Contemporary Romance
B0262,Romeo and Juliet,William Shakespeare,Romance,Contemporary Romance,300,easy,4.4,1597,"A compelling romance book by William Shakespeare, exploring themes of contemporary romance.",Contemporary Romance
B0263,The Moonstone,Wilkie Collins,Romance,Contemporary Romance,300,easy,4.0,1800,"A compelling romance book by Wilkie Collins, exploring themes of contemporary romance.",Contemporary Romance
B0264,David Copperfield,Charles Dickens,Romance,Contemporary Romance,300,easy,4.6,1800,"A compelling romance book by Charles Dickens, exploring themes of contemporary romance.",Contemporary Romance
B0265,A Connecticut Yankee in King Arthur's Court,Mark Twain,Romance,Contemporary Romance,300,easy,4.2,1889,"A compelling romance book by Mark Twain, exploring themes of contemporary romance.",Contemporary Romance
B0266,Anne of the Island,Lucy Maud Montgomery,Romance,Contemporary Romance,300,easy,3.9,1915,"A compelling romance book by Lucy Maud Montgomery, exploring themes of contemporary romance.",Contemporary Romance
B0267,The Cricket on the Hearth,Charles Dickens,Romance,Contemporary Romance,300,easy,4.3,1846,"A compelling romance book by Charles Dickens, exploring themes of contemporary romance.",Contemporary Romance
B0268,A Portrait of the Artist as a Young Man,"James Joyce, James Joyce, james joyce, J Joyce",Romance,Contemporary Romance,300,easy,3.9,1818,"A compelling romance book by James Joyce, James Joyce, james joyce, J Joyce, exploring themes of contemporary romance.",Contemporary Romance
B0269,The Mill on the Floss,"George Eliot, Rosalyn Landor, Sue Saunders, Julius Frese",Romance,Contemporary Romance,300,easy,4.7,1800,"A compelling romance book by George Eliot, Rosalyn Landor, Sue Saunders, Julius Frese, exploring themes of contemporary romance.",Contemporary Romance
B0270,A Room with a View,E. M. Forster,Romance,Contemporary Romance,300,easy,4.6,1905,"A compelling romance book by E. M. Forster, exploring themes of contemporary romance.",Contemporary Romance
B0271,"Le Comte de Monte-Cristo, II",Alexandre Dumas,Romance,Contemporary Romance,300,easy,3.8,1830,"A compelling romance book by Alexandre Dumas, exploring themes of contemporary romance.",Contemporary Romance
B0272,Riders of the Purple Sage,Zane Grey,Romance,Contemporary Romance,300,easy,4.2,1912,"A compelling romance book by Zane Grey, exploring themes of contemporary romance.",Contemporary Romance
B0273,The House of Mirth,Edith Wharton,Romance,Contemporary Romance,300,easy,4.6,1905,"A compelling romance book by Edith Wharton, exploring themes of contemporary romance.",Contemporary Romance
B0274,Uncle Tom's Cabin,Harriet Beecher Stowe,Romance,Contemporary Romance,300,easy,4.6,1850,"A compelling romance book by Harriet Beecher Stowe, exploring themes of contemporary romance.",Contemporary Romance
B0275,The Mayor of Casterbridge,Thomas Hardy,Romance,Contemporary Romance,300,easy,3.8,1800,"A compelling romance book by Thomas Hardy, exploring themes of contemporary romance.",Contemporary Romance
B0276,The Woman in White,"Wilkie Collins, William Collins",Romance,Contemporary Romance,300,easy,3.8,1859,"A compelling romance book by Wilkie Collins, William Collins, exploring themes of contemporary romance.",Contemporary Romance
B0277,Du côté de chez Swann,Marcel Proust,Romance,Contemporary Romance,300,easy,3.5,1908,"A compelling romance book by Marcel Proust, exploring themes of contemporary romance.",Contemporary Romance
B0278,This Side of Paradise,F. Scott Fitzgerald,Romance,Contemporary Romance,300,easy,4.2,1920,"A compelling romance book by F. Scott Fitzgerald, exploring themes of contemporary romance.",Contemporary Romance
B0279,O Pioneers!,Willa Cather,Romance,Contemporary Romance,300,easy,4.3,1913,"A compelling romance book by Willa Cather, exploring themes of contemporary romance.",Contemporary Romance
B0280,Goldsmith's The vicar of Wakefield,Oliver Goldsmith,Romance,Contemporary Romance,300,easy,3.5,1111,"A compelling romance book by Oliver Goldsmith, exploring themes of contemporary romance.",Contemporary Romance
B0281,Lady Susan,Jane Austen,Romance,Contemporary Romance,300,easy,4.2,1925,"A compelling romance book by Jane Austen, exploring themes of contemporary romance.",Contemporary Romance
B0282,The Blithedale Romance,Nathaniel Hawthorne,Romance,Contemporary Romance,300,easy,4.3,1852,"A compelling romance book by Nathaniel Hawthorne, exploring themes of contemporary romance.",Contemporary Romance
B0283,Women in Love,D. H. Lawrence,Romance,Contemporary Romance,300,easy,4.2,1877,"A compelling romance book by D. H. Lawrence, exploring themes of contemporary romance.",Contemporary Romance
B0284,The Turn of the Screw,Henry James,Romance,Contemporary Romance,300,easy,4.0,1898,"A compelling romance book by Henry James, exploring themes of contemporary romance.",Contemporary Romance
B0285,Lorna Doone,R. D. Blackmore,Romance,Contemporary Romance,300,easy,4.6,1656,"A compelling romance book by R. D. Blackmore, exploring themes of contemporary romance.",Contemporary Romance
B0286,La chartreuse de Parme,Stendhal,Romance,Contemporary Romance,300,easy,4.0,1800,"A compelling romance book by Stendhal, exploring themes of contemporary romance.",Contemporary Romance
B0287,Heart of Darkness,Joseph Conrad,Romance,Contemporary Romance,300,easy,3.6,1899,"A compelling romance book by Joseph Conrad, exploring themes of contemporary romance.",Contemporary Romance
B0288,Adam Bede,"George Eliot, Robert Lewis Weed, Najam Saqib, Gordon Frederick Browne, David Case",Romance,Contemporary Romance,300,easy,4.4,1800,"A compelling romance book by George Eliot, Robert Lewis Weed, Najam Saqib, Gordon Frederick Browne, David Case, exploring themes of contemporary romance.",Contemporary Romance
B0289,Les Misérables,Victor Hugo,Romance,Contemporary Romance,300,easy,3.7,1862,"A compelling romance book by Victor Hugo, exploring themes of contemporary romance.",Contemporary Romance
B0290,"Villette, a novel",Charlotte Brontë,Romance,Contemporary Romance,300,easy,4.0,1853,"A compelling romance book by Charlotte Brontë, exploring themes of contemporary romance.",Contemporary Romance
B0291,She,H. Rider Haggard,Romance,Contemporary Romance,300,easy,3.8,1886,"A compelling romance book by H. Rider Haggard, exploring themes of contemporary romance.",Contemporary Romance
B0292,Howards End,E. M. Forster,Romance,Contemporary Romance,300,easy,3.8,1910,"A compelling romance book by E. M. Forster, exploring themes of contemporary romance.",Contemporary Romance
B0293,The Beautiful and Damned,F. Scott Fitzgerald,Romance,Contemporary Romance,300,easy,4.3,1920,"A compelling romance book by F. Scott Fitzgerald, exploring themes of contemporary romance.",Contemporary Romance
B0294,Ivanhoe,Sir Walter Scott,Romance,Contemporary Romance,300,easy,4.0,1800,"A compelling romance book by Sir Walter Scott, exploring themes of contemporary romance.",Contemporary Romance
B0295,Lilith,George MacDonald,Romance,Contemporary Romance,300,easy,3.7,1895,"A compelling romance book by George MacDonald, exploring themes of contemporary romance.",Contemporary Romance
B0296,Mrs. Dalloway,Virginia Woolf,Romance,Contemporary Romance,300,easy,3.7,1925,"A compelling romance book by Virginia Woolf, exploring themes of contemporary romance.",Contemporary Romance
B0297,Cranford,Elizabeth Cleghorn Gaskell,Romance,Contemporary Romance,300,easy,4.0,1853,"A compelling romance book by Elizabeth Cleghorn Gaskell, exploring themes of contemporary romance.",Contemporary Romance
B0298,Phantastes,George MacDonald,Romance,Contemporary Romance,300,easy,4.4,1850,"A compelling romance book by George MacDonald, exploring themes of contemporary romance.",Contemporary Romance
B0299,The House of Seven Gables Readalong,Nathaniel Hawthorne,Romance,Contemporary Romance,300,easy,4.0,1851,"A compelling romance book by Nathaniel Hawthorne, exploring themes of contemporary romance.",Contemporary Romance
B0300,L’étranger,Albert Camus,Romance,Contemporary Romance,300,easy,4.6,1942,"A compelling romance book by Albert Camus, exploring themes of contemporary romance.",Contemporary Romance
B0301,Ayesha,H. Rider Haggard,Romance,Contemporary Romance,300,easy,4.3,1900,"A compelling romance book by H. Rider Haggard, exploring themes of contemporary romance.",Contemporary Romance
B0302,The War of the Worlds,H. G. Wells,Romance,Contemporary Romance,300,easy,4.4,0,"A compelling romance book by H. G. Wells, exploring themes of contemporary romance.",Contemporary Romance
B0303,A Princess of Mars,Edgar Rice Burroughs,Romance,Contemporary Romance,300,easy,4.3,1912,"A compelling romance book by Edgar Rice Burroughs, exploring themes of contemporary romance.",Contemporary Romance
B0304,La dame aux camélias [novel],Alexandre Dumas fils,Romance,Contemporary Romance,300,easy,3.9,1848,"A compelling romance book by Alexandre Dumas fils, exploring themes of contemporary romance.",Contemporary Romance
B0305,Inferno,Dante Alighieri,Romance,Contemporary Romance,300,easy,3.9,1767,"A compelling romance book by Dante Alighieri, exploring themes of contemporary romance.",Contemporary Romance
B0306,I promessi sposi,Alessandro Manzoni,Romance,Contemporary Romance,300,easy,4.6,1800,"A compelling romance book by Alessandro Manzoni, exploring themes of contemporary romance.",Contemporary Romance
B0307,The Portrait of a Lady,Henry James,Romance,Contemporary Romance,300,easy,3.6,1881,"A compelling romance book by Henry James, exploring themes of contemporary romance.",Contemporary Romance
B0308,The Pathfinder,James Fenimore Cooper,Romance,Contemporary Romance,300,easy,3.8,1800,"A compelling romance book by James Fenimore Cooper, exploring themes of contemporary romance.",Contemporary Romance
B0309,Le Tour du Monde en Quatre-Vingts Jours,Jules Verne,Romance,Contemporary Romance,300,easy,4.3,1872,"A compelling romance book by Jules Verne, exploring themes of contemporary romance.",Contemporary Romance
B0310,Jude the Obscure,Thomas Hardy,Romance,Contemporary Romance,300,easy,3.9,1895,"A compelling romance book by Thomas Hardy, exploring themes of contemporary romance.",Contemporary Romance
B0311,"Under the Greenwood Tree or, The Mellstock quire",Thomas Hardy,Romance,Contemporary Romance,300,easy,3.8,1872,"A compelling romance book by Thomas Hardy, exploring themes of contemporary romance.",Contemporary Romance
B0312,Princesse de Clèves,"Madame de La Fayette, Everett Carll Ladd, Ann Gostyn Serow, Thomas Sergeant Perry, François duc de La Rochefoucauld, Jean Mesnard, Jérôme Lecompte, H. Ashton, Robin Buss, Duas Duas Columnas, M. Philippe Ballin, Selina Hastings, Nancy Mitford, Alba Longa, Rostand Breck, Leonard Tancock, Jérémy Lasseaux, Li yu min, Josep Antoni Grimalt Gomila, Emma Calatayud, Nicole d'Amonville Alegría, Yvonne Jocks, Thomas Perry, Jules Garnier, A. Lamotte",Romance,Contemporary Romance,300,easy,4.4,1678,"A compelling romance book by Madame de La Fayette, Everett Carll Ladd, Ann Gostyn Serow, Thomas Sergeant Perry, François duc de La Rochefoucauld, Jean Mesnard, Jérôme Lecompte, H. Ashton, Robin Buss, Duas Duas Columnas, M. Philippe Ballin, Selina Hastings, Nancy Mitford, Alba Longa, Rostand Breck, Leonard Tancock, Jérémy Lasseaux, Li yu min, Josep Antoni Grimalt Gomila, Emma Calatayud, Nicole d'Amonville Alegría, Yvonne Jocks, Thomas Perry, Jules Garnier, A. Lamotte, exploring themes of contemporary romance.",Contemporary Romance
B0313,The Mysterious Rider,Zane Grey,Romance,Contemporary Romance,300,easy,4.7,1921,"A compelling romance book by Zane Grey, exploring themes of contemporary romance.",Contemporary Romance
B0314,The Song of the Lark,Willa Cather,Romance,Contemporary Romance,300,easy,3.9,1915,"A compelling romance book by Willa Cather, exploring themes of contemporary romance.",Contemporary Romance
B0315,Le rouge et le noir,Stendhal,Romance,Contemporary Romance,300,easy,4.1,1830,"A compelling romance book by Stendhal, exploring themes of contemporary romance.",Contemporary Romance
B0316,The Prairie,James Fenimore Cooper,Romance,Contemporary Romance,300,easy,3.7,1800,"A compelling romance book by James Fenimore Cooper, exploring themes of contemporary romance.",Contemporary Romance
B0317,Братья Карамазовы,Fiódor Dostoievski,Romance,Contemporary Romance,300,easy,4.4,1880,"A compelling romance book by Fiódor Dostoievski, exploring themes of contemporary romance.",Contemporary Romance
B0318,The Life and Adventures of Nicholas Nickleby,Charles Dickens,Romance,Contemporary Romance,300,easy,3.5,1800,"A compelling romance book by Charles Dickens, exploring themes of contemporary romance.",Contemporary Romance
B0319,The Woodlanders,Thomas Hardy,Romance,Contemporary Romance,300,easy,3.6,1800,"A compelling romance book by Thomas Hardy, exploring themes of contemporary romance.",Contemporary Romance
B0320,The Longest Journey,E. M. Forster,Romance,Contemporary Romance,300,easy,4.4,1907,"A compelling romance book by E. M. Forster, exploring themes of contemporary romance.",Contemporary Romance
B0321,Pride and Prejudice,Jane Austen,Literary Fiction,Contemporary,300,hard,4.0,1813,"A compelling literary fiction book by Jane Austen, exploring themes of contemporary.",Contemporary
B0322,Alice's Adventures in Wonderland,Lewis Carroll,Literary Fiction,Contemporary,300,hard,4.0,1865,"A compelling literary fiction book by Lewis Carroll, exploring themes of contemporary.",Contemporary
B0323,The Picture of Dorian Gray,Oscar Wilde,Literary Fiction,Contemporary,300,hard,4.2,1890,"A compelling literary fiction book by Oscar Wilde, exploring themes of contemporary.",Contemporary
B0324,Wuthering Heights,Emily Brontë,Literary Fiction,Contemporary,300,hard,4.0,1846,"A compelling literary fiction book by Emily Brontë, exploring themes of contemporary.",Contemporary
B0325,Adventures of Huckleberry Finn,Mark Twain,Literary Fiction,Contemporary,300,hard,3.7,1876,"A compelling literary fiction book by Mark Twain, exploring themes of contemporary.",Contemporary
B0326,The Scarlet Letter,Nathaniel Hawthorne,Literary Fiction,Contemporary,300,hard,3.9,1800,"A compelling literary fiction book by Nathaniel Hawthorne, exploring themes of contemporary.",Contemporary
B0327,Hamlet,William Shakespeare,Literary Fiction,Contemporary,300,hard,4.6,1603,"A compelling literary fiction book by William Shakespeare, exploring themes of contemporary.",Contemporary
B0328,Emma,Jane Austen,Literary Fiction,Contemporary,300,hard,4.2,1815,"A compelling literary fiction book by Jane Austen, exploring themes of contemporary.",Contemporary
B0329,"Frankenstein; or, The Modern Prometheus",Mary Shelley,Literary Fiction,Contemporary,300,hard,3.9,1818,"A compelling literary fiction book by Mary Shelley, exploring themes of contemporary.",Contemporary
B0330,A Tale of Two Cities,Charles Dickens,Literary Fiction,Contemporary,300,hard,4.0,1800,"A compelling literary fiction book by Charles Dickens, exploring themes of contemporary.",Contemporary
B0331,Treasure Island,Robert Louis Stevenson,Literary Fiction,Contemporary,300,hard,4.6,1880,"A compelling literary fiction book by Robert Louis Stevenson, exploring themes of contemporary.",Contemporary
B0332,Dracula,Bram Stoker,Literary Fiction,Contemporary,300,hard,4.5,1897,"A compelling literary fiction book by Bram Stoker, exploring themes of contemporary.",Contemporary
B0333,Macbeth,William Shakespeare,Literary Fiction,Contemporary,300,hard,4.6,1508,"A compelling literary fiction book by William Shakespeare, exploring themes of contemporary.",Contemporary
B0334,Othello,William Shakespeare,Literary Fiction,Contemporary,300,hard,4.5,1622,"A compelling literary fiction book by William Shakespeare, exploring themes of contemporary.",Contemporary
B0335,Gulliver's Travels,Jonathan Swift,Literary Fiction,Contemporary,300,hard,4.5,1726,"A compelling literary fiction book by Jonathan Swift, exploring themes of contemporary.",Contemporary
B0336,King Lear,William Shakespeare,Literary Fiction,Contemporary,300,hard,4.6,1608,"A compelling literary fiction book by William Shakespeare, exploring themes of contemporary.",Contemporary
B0337,Don Quijote de la Mancha,Miguel de Cervantes Saavedra,Literary Fiction,Contemporary,300,hard,4.3,1600,"A compelling literary fiction book by Miguel de Cervantes Saavedra, exploring themes of contemporary.",Contemporary
B0338,Madame Bovary,Gustave Flaubert,Literary Fiction,Contemporary,300,hard,3.8,1856,"A compelling literary fiction book by Gustave Flaubert, exploring themes of contemporary.",Contemporary
B0339,The Art of War,"孙武 (Sun Tzu), Stephen F. Kaufman, Lionel Giles, Onésimo Colavidas",Literary Fiction,Contemporary,300,hard,4.3,1900,"A compelling literary fiction book by 孙武 (Sun Tzu), Stephen F. Kaufman, Lionel Giles, Onésimo Colavidas, exploring themes of contemporary.",Contemporary
B0340,A Midsummer Night's Dream,William Shakespeare,Literary Fiction,Contemporary,300,hard,3.6,1600,"A compelling literary fiction book by William Shakespeare, exploring themes of contemporary.",Contemporary
B0341,Julius Caesar,William Shakespeare,Literary Fiction,Contemporary,300,hard,3.9,1656,"A compelling literary fiction book by William Shakespeare, exploring themes of contemporary.",Contemporary
B0342,La Divina Commedia,Dante Alighieri,Literary Fiction,Contemporary,300,hard,4.0,1472,"A compelling literary fiction book by Dante Alighieri, exploring themes of contemporary.",Contemporary
B0343,Анна Каренина,Лев Толстой,Literary Fiction,Contemporary,300,hard,4.0,1876,"A compelling literary fiction book by Лев Толстой, exploring themes of contemporary.",Contemporary
B0344,The Hound of the Baskervilles,Arthur Conan Doyle,Literary Fiction,Contemporary,300,hard,4.6,1900,"A compelling literary fiction book by Arthur Conan Doyle, exploring themes of contemporary.",Contemporary
B0345,Persuasion,Jane Austen,Literary Fiction,Contemporary,300,hard,4.1,1789,"A compelling literary fiction book by Jane Austen, exploring themes of contemporary.",Contemporary
B0346,The Great Gatsby,F. Scott Fitzgerald,Literary Fiction,Contemporary,300,hard,4.0,1920,"A compelling literary fiction book by F. Scott Fitzgerald, exploring themes of contemporary.",Contemporary
B0347,Преступление и наказание,Fiódor Dostoievski,Literary Fiction,Contemporary,300,hard,3.9,1866,"A compelling literary fiction book by Fiódor Dostoievski, exploring themes of contemporary.",Contemporary
B0348,The Time Machine,H. G. Wells,Literary Fiction,Contemporary,300,hard,4.4,1895,"A compelling literary fiction book by H. G. Wells, exploring themes of contemporary.",Contemporary
B0349,Walden,Henry David Thoreau,Literary Fiction,Contemporary,300,hard,4.0,1854,"A compelling literary fiction book by Henry David Thoreau, exploring themes of contemporary.",Contemporary
B0350,The Adventures of Sherlock Holmes [12 stories],Arthur Conan Doyle,Literary Fiction,Contemporary,300,hard,4.5,1892,"A compelling literary fiction book by Arthur Conan Doyle, exploring themes of contemporary.",Contemporary
B0351,The Taming of the Shrew,William Shakespeare,Literary Fiction,Contemporary,300,hard,4.3,1631,"A compelling literary fiction book by William Shakespeare, exploring themes of contemporary.",Contemporary
B0352,Mansfield Park,Jane Austen,Literary Fiction,Contemporary,300,hard,4.3,1814,"A compelling literary fiction book by Jane Austen, exploring themes of contemporary.",Contemporary
B0353,Ἰλιάς,Ὅμηρος,Literary Fiction,Contemporary,300,hard,3.6,1505,"A compelling literary fiction book by Ὅμηρος, exploring themes of contemporary.",Contemporary
B0354,Candide,Voltaire,Literary Fiction,Contemporary,300,hard,4.1,1746,"A compelling literary fiction book by Voltaire, exploring themes of contemporary.",Contemporary
B0355,Dubliners,James Joyce,Literary Fiction,Contemporary,300,hard,3.9,1914,"A compelling literary fiction book by James Joyce, exploring themes of contemporary.",Contemporary
B0356,Troilus and Cressida,William Shakespeare,Literary Fiction,Contemporary,300,hard,3.5,1609,"A compelling literary fiction book by William Shakespeare, exploring themes of contemporary.",Contemporary
B0357,Captains Courageous,Rudyard Kipling,Literary Fiction,Contemporary,300,hard,4.6,1896,"A compelling literary fiction book by Rudyard Kipling, exploring themes of contemporary.",Contemporary
B0358,Romeo and Juliet,William Shakespeare,Literary Fiction,Contemporary,300,hard,4.4,1597,"A compelling literary fiction book by William Shakespeare, exploring themes of contemporary.",Contemporary
B0359,The Sign of Four,Arthur Conan Doyle,Literary Fiction,Contemporary,300,hard,4.4,1889,"A compelling literary fiction book by Arthur Conan Doyle, exploring themes of contemporary.",Contemporary
B0360,Metamorphosis,Franz Kafka,Literary Fiction,Contemporary,300,hard,4.3,1915,"A compelling literary fiction book by Franz Kafka, exploring themes of contemporary.",Contemporary
B0361,The Adventures of Tom Sawyer,Mark Twain,Literary Fiction,Contemporary,300,hard,3.5,1817,"A compelling literary fiction book by Mark Twain, exploring themes of contemporary.",Contemporary
B0362,King Richard II,William Shakespeare,Literary Fiction,Contemporary,300,hard,4.5,1597,"A compelling literary fiction book by William Shakespeare, exploring themes of contemporary.",Contemporary
B0363,All's Well That Ends Well,William Shakespeare,Literary Fiction,Contemporary,300,hard,3.6,1734,"A compelling literary fiction book by William Shakespeare, exploring themes of contemporary.",Contemporary
B0364,The Merchant of Venice,William Shakespeare,Literary Fiction,Contemporary,300,hard,4.3,1600,"A compelling literary fiction book by William Shakespeare, exploring themes of contemporary.",Contemporary
B0365,The Tempest,William Shakespeare,Literary Fiction,Contemporary,300,hard,4.3,1611,"A compelling literary fiction book by William Shakespeare, exploring themes of contemporary.",Contemporary
B0366,πολιτεία,Plato,Literary Fiction,Contemporary,300,hard,4.3,1554,"A compelling literary fiction book by Plato, exploring themes of contemporary.",Contemporary
B0367,A Portrait of the Artist as a Young Man,"James Joyce, James Joyce, james joyce, J Joyce",Literary Fiction,Contemporary,300,hard,3.9,1818,"A compelling literary fiction book by James Joyce, James Joyce, james joyce, J Joyce, exploring themes of contemporary.",Contemporary
B0368,Metamorfosi,"Ovid, William S. Anderson, Mary Frederick, Rolfe Humphries, John Dryden, Samuel Garth, Jack Shapiro, Ovid, Robert Squillace, Frank Justus Miller, Ovidio, Julius Ziehen, Banier (Antoine, M L'Abbe), Niklas Holzberg, Lee Fratantuono, A D Melville, Emeritus Kennedy Professor of Latin Fellow E J Kenney, Ovide, William Scovil Anderson, Stephanie McCarter, Gerhard Fink, Alexander Pope, Joseph Addison, William Congreve, Gottlieb Erdmann Gierig, Jan Minell, Pieter Rabus, Alexander Pope, Sir Samuel Garth, John Godwin, OVIDIO, Publio Nasone Ovidio, Ovidi, Xavier Mata Oroval, Claude-Pierre Goujet, Claude-Pierre Banier, Publius Ovidius Naso, Edward Brooks, Edward Ovid, Ovidius, Ernest Ensor Publius Ovidius Naso, Ovídio, Pierre Du Ryer, Publio Ovidio Nason, Johannes Minellius, Nathan Bailey, J., F., and C. Rivington (Firm), G. G. J. and J. Robinson (Paternoster-Row, London, England), Scatcherd and Whitaker, Publius Ovidius Naso, Mathieu Guillaume Thérès de Villenave, Rudolf Merkel, Ovid Giovanni Andrea Dell' Anguillara, C. Luke Soucy, Publius Ovidius Naso, Joseph Gaspard Dubois-Fontanelle, Villenave, Moriz Haupt, Otto Korn, Otto Ovid, J. J. J.J. Howard, Henry Riley, Théodose Burette, Etienne Gros, John Clarke, John Ovid, William Thane Peck, Moriz Haupt, Hermann Johannes Müller, Otto Korn, Henry T. Riley, Banier M. l'abbé, Bernard Picart, Arthur Golding, William White, William Seres, J. H. Haydon, Maximus Planudes, Jean François Boissonade, Garth, Samuel Sir, Joseph Addison, Laurence Eusden, Arthur Maynwaring, Samuel Croxall, Nahum Tate, John Gay, Freigius, Moritz Haupt, Otto Korn, Ovide Ovide, George Sewell, Ovid Vergil, Ovide (Ovid) ; Georges Lafaye, Rolfe (Translated by) Ovid and Humphries, Ernst Karl Christian Bach, Rudolf Ehwald, Ovidb C -17 or 18 a D, Daniel Crespin, Anton Zingerle, Heinrich Stefan Sedlmayer, José Carlos Fernández Corte, María Josefa Cantó Llorca, Charles Martin, Emily R. Wilson, Ovide, Henry T. Riley, translated by frank jsutus miller Ovid, Moriz Haupt P. Ovidius Naso, 43 B. C. -17 or 18 A. D. Ovid, N. C. (Nathan Covington) 180 Brooks, José-Román Bravo Díaz, Publio Ovidio Nasón, Antonio Ruiz de Elvira Prieto, Bartolomé Segura Ramos, OVIDIO; BONIFAZ NU;O, RUBEN INTRODUCION, VERSION, OVIDIO; BONIFAZ NU;O, RUBEN INTRODUCION, VERSION, Publius Ovidius Naso Ovide, OVIDE, 43 B. C. -17 A. D. or 18 A. D. Ovid, Stamperia del Seminario (Padua), Publius Ovidius Publius Ovidius Naso, Henry Thomas Riley, Publi Ovidi Nasó, Donald E. Hill, J. R. Jenkinson, K. Sara Myers, Ovid Poet, John Laney, Hermann Breitenbach, Rudolf Merkel, Rudolf Ehwald, Ange-François Fariau de Saint-Ange, Pablo Picasso, Jean Gaspard Dubois-Fontanelle, Giuseppe Zocchi, Joseph Chamonard, Diedrich Ernest Bosselaar, Thomas Farnaby, Friedrich Polle, Johannes Siebelis, Bernardino Stagnino, Carolus Vivianus, Ovide (Ovid) ,  Georges Lafaye, Garth, Samuel Sir, George Sandys, Richard Badger, Johann Raener, Henricus Glareanus, Thomas Purfoot, Charles Simmons, Lodovico Dolce, Jakob Moltzer, Ercole Ciofani, Daniel Heinsius, Nicolaas Heinsius, Pieter Burman, Johann Wilhelm Capoferrius, Charles de Massac, Raymond de Massac, George Sewell, Jakob Moltzer, Raffaele Regio, Giovanni de Buonsignore, Luca-Antonio Giunta, William Caxton, George Hibbert, Roxburghe Club, Erich Rösch, Joseph Davidson, Claude-Pierre Goujet, N. Bailey, Johannes Minellius, Banier (Antoine), Jean Matheus, Isaac Briot, Pierre Firens, Michael Faulte, Gerard Jean-Baptiste Scotin, Antoine Humblot, Virgil Solis, Vasiliĭ Maĭkov, Gerhard Lorich, Marguerite Carnec, Olivier Sers, SparkNotes, Georges Lafaye, Raphaello Regius, Josse Badius, Gottlieb Erdmann Gierig, Almeno pseud, Ēlias Tsirinkakēs, Jordi Parramon Blasco, John Clarke, Jacobus Rubeus, Henry N. Heale, William Scovil Anderson, Gianpiero Rosati, Giovanna Faranda Villa, Rossella Corti, Nicolas Renouard, Publius Vergilius Maro, Henry King, Karl Hermann Weise, Jorge de Bustamante, Pierre Bellère, Fitzwilliam, William Charles de Meuron Earl, Edward Glaser, Giovanni de' Buonsignori, Gregor Bersmann, Josse Badius, Pieter Rabus, 'Introductiones' Printer of Nebrissensis, Hannibal Gamon, Clifden, Arthur Victor Agar-Robartes Viscount, England) Lanhydrock House (Cornwall, Giovanni Andrea dell' Anguillara, Francesco Turchi, Clarke, John, Lodovico Dolce, Ovid, Banier (Antoine), Claude-Pierre Goujet, Karl Paul Otto Korn, H. J. Müller, Otto Korn, Johann Balthasar Sedkezki, Stephen Gaselee, H. F. B. Brett-Smith, Pepys Library, Raphaello Regius, Paul Brandt, Thomas Farnaby, Pierre Du Ryer, Gwilym Aneurin Tudor Davies, Ovid, 43 BCE-18, 43 BCE-18",Literary Fiction,Contemporary,300,hard,4.1,1474,"A compelling literary fiction book by Ovid, William S. Anderson, Mary Frederick, Rolfe Humphries, John Dryden, Samuel Garth, Jack Shapiro, Ovid, Robert Squillace, Frank Justus Miller, Ovidio, Julius Ziehen, Banier (Antoine, M L'Abbe), Niklas Holzberg, Lee Fratantuono, A D Melville, Emeritus Kennedy Professor of Latin Fellow E J Kenney, Ovide, William Scovil Anderson, Stephanie McCarter, Gerhard Fink, Alexander Pope, Joseph Addison, William Congreve, Gottlieb Erdmann Gierig, Jan Minell, Pieter Rabus, Alexander Pope, Sir Samuel Garth, John Godwin, OVIDIO, Publio Nasone Ovidio, Ovidi, Xavier Mata Oroval, Claude-Pierre Goujet, Claude-Pierre Banier, Publius Ovidius Naso, Edward Brooks, Edward Ovid, Ovidius, Ernest Ensor Publius Ovidius Naso, Ovídio, Pierre Du Ryer, Publio Ovidio Nason, Johannes Minellius, Nathan Bailey, J., F., and C. Rivington (Firm), G. G. J. and J. Robinson (Paternoster-Row, London, England), Scatcherd and Whitaker, Publius Ovidius Naso, Mathieu Guillaume Thérès de Villenave, Rudolf Merkel, Ovid Giovanni Andrea Dell' Anguillara, C. Luke Soucy, Publius Ovidius Naso, Joseph Gaspard Dubois-Fontanelle, Villenave, Moriz Haupt, Otto Korn, Otto Ovid, J. J. J.J. Howard, Henry Riley, Théodose Burette, Etienne Gros, John Clarke, John Ovid, William Thane Peck, Moriz Haupt, Hermann Johannes Müller, Otto Korn, Henry T. Riley, Banier M. l'abbé, Bernard Picart, Arthur Golding, William White, William Seres, J. H. Haydon, Maximus Planudes, Jean François Boissonade, Garth, Samuel Sir, Joseph Addison, Laurence Eusden, Arthur Maynwaring, Samuel Croxall, Nahum Tate, John Gay, Freigius, Moritz Haupt, Otto Korn, Ovide Ovide, George Sewell, Ovid Vergil, Ovide (Ovid) ; Georges Lafaye, Rolfe (Translated by) Ovid and Humphries, Ernst Karl Christian Bach, Rudolf Ehwald, Ovidb C -17 or 18 a D, Daniel Crespin, Anton Zingerle, Heinrich Stefan Sedlmayer, José Carlos Fernández Corte, María Josefa Cantó Llorca, Charles Martin, Emily R. Wilson, Ovide, Henry T. Riley, translated by frank jsutus miller Ovid, Moriz Haupt P. Ovidius Naso, 43 B. C. -17 or 18 A. D. Ovid, N. C. (Nathan Covington) 180 Brooks, José-Román Bravo Díaz, Publio Ovidio Nasón, Antonio Ruiz de Elvira Prieto, Bartolomé Segura Ramos, OVIDIO; BONIFAZ NU;O, RUBEN INTRODUCION, VERSION, OVIDIO; BONIFAZ NU;O, RUBEN INTRODUCION, VERSION, Publius Ovidius Naso Ovide, OVIDE, 43 B. C. -17 A. D. or 18 A. D. Ovid, Stamperia del Seminario (Padua), Publius Ovidius Publius Ovidius Naso, Henry Thomas Riley, Publi Ovidi Nasó, Donald E. Hill, J. R. Jenkinson, K. Sara Myers, Ovid Poet, John Laney, Hermann Breitenbach, Rudolf Merkel, Rudolf Ehwald, Ange-François Fariau de Saint-Ange, Pablo Picasso, Jean Gaspard Dubois-Fontanelle, Giuseppe Zocchi, Joseph Chamonard, Diedrich Ernest Bosselaar, Thomas Farnaby, Friedrich Polle, Johannes Siebelis, Bernardino Stagnino, Carolus Vivianus, Ovide (Ovid) ,  Georges Lafaye, Garth, Samuel Sir, George Sandys, Richard Badger, Johann Raener, Henricus Glareanus, Thomas Purfoot, Charles Simmons, Lodovico Dolce, Jakob Moltzer, Ercole Ciofani, Daniel Heinsius, Nicolaas Heinsius, Pieter Burman, Johann Wilhelm Capoferrius, Charles de Massac, Raymond de Massac, George Sewell, Jakob Moltzer, Raffaele Regio, Giovanni de Buonsignore, Luca-Antonio Giunta, William Caxton, George Hibbert, Roxburghe Club, Erich Rösch, Joseph Davidson, Claude-Pierre Goujet, N. Bailey, Johannes Minellius, Banier (Antoine), Jean Matheus, Isaac Briot, Pierre Firens, Michael Faulte, Gerard Jean-Baptiste Scotin, Antoine Humblot, Virgil Solis, Vasiliĭ Maĭkov, Gerhard Lorich, Marguerite Carnec, Olivier Sers, SparkNotes, Georges Lafaye, Raphaello Regius, Josse Badius, Gottlieb Erdmann Gierig, Almeno pseud, Ēlias Tsirinkakēs, Jordi Parramon Blasco, John Clarke, Jacobus Rubeus, Henry N. Heale, William Scovil Anderson, Gianpiero Rosati, Giovanna Faranda Villa, Rossella Corti, Nicolas Renouard, Publius Vergilius Maro, Henry King, Karl Hermann Weise, Jorge de Bustamante, Pierre Bellère, Fitzwilliam, William Charles de Meuron Earl, Edward Glaser, Giovanni de' Buonsignori, Gregor Bersmann, Josse Badius, Pieter Rabus, 'Introductiones' Printer of Nebrissensis, Hannibal Gamon, Clifden, Arthur Victor Agar-Robartes Viscount, England) Lanhydrock House (Cornwall, Giovanni Andrea dell' Anguillara, Francesco Turchi, Clarke, John, Lodovico Dolce, Ovid, Banier (Antoine), Claude-Pierre Goujet, Karl Paul Otto Korn, H. J. Müller, Otto Korn, Johann Balthasar Sedkezki, Stephen Gaselee, H. F. B. Brett-Smith, Pepys Library, Raphaello Regius, Paul Brandt, Thomas Farnaby, Pierre Du Ryer, Gwilym Aneurin Tudor Davies, Ovid, 43 BCE-18, 43 BCE-18, exploring themes of contemporary.",Contemporary
B0369,Tess of the d'Urbervilles,Thomas Hardy,Literary Fiction,Contemporary,300,hard,3.8,1707,"A compelling literary fiction book by Thomas Hardy, exploring themes of contemporary.",Contemporary
B0370,"Le Comte de Monte-Cristo, II",Alexandre Dumas,Literary Fiction,Contemporary,300,hard,3.8,1830,"A compelling literary fiction book by Alexandre Dumas, exploring themes of contemporary.",Contemporary
B0371,The Yellow Wallpaper,"Charlotte Perkins Gilman, Aric Cushing, Logan Thomas, SparkNotes, Bryan Hunt, A. J. Alexander, Steven Stern, Aileen Oracion, Twisted Classics, Anne Geer, Sara Barkat, Period Time Publishing, Félix Gerónimo, Agustín López Tobajas, Nicolae Sfetcu, Erminia Passannanti",Literary Fiction,Contemporary,300,hard,4.6,1892,"A compelling literary fiction book by Charlotte Perkins Gilman, Aric Cushing, Logan Thomas, SparkNotes, Bryan Hunt, A. J. Alexander, Steven Stern, Aileen Oracion, Twisted Classics, Anne Geer, Sara Barkat, Period Time Publishing, Félix Gerónimo, Agustín López Tobajas, Nicolae Sfetcu, Erminia Passannanti, exploring themes of contemporary.",Contemporary
B0372,Animal Farm,George Orwell,Literary Fiction,Contemporary,300,hard,3.5,1945,"A compelling literary fiction book by George Orwell, exploring themes of contemporary.",Contemporary
B0373,The Woman in White,"Wilkie Collins, William Collins",Literary Fiction,Contemporary,300,hard,3.8,1859,"A compelling literary fiction book by Wilkie Collins, William Collins, exploring themes of contemporary.",Contemporary
B0374,"Henry VI, Part 3",William Shakespeare,Literary Fiction,Contemporary,300,hard,3.8,1600,"A compelling literary fiction book by William Shakespeare, exploring themes of contemporary.",Contemporary
B0375,The Man Who Knew Too Much,Gilbert Keith Chesterton,Literary Fiction,Contemporary,300,hard,4.2,1922,"A compelling literary fiction book by Gilbert Keith Chesterton, exploring themes of contemporary.",Contemporary
B0376,Silas Marner,"George Eliot, John O'Connor, Mary Anne Evans, Hugh Thomson, Julius Frese",Literary Fiction,Contemporary,300,hard,4.2,1800,"A compelling literary fiction book by George Eliot, John O'Connor, Mary Anne Evans, Hugh Thomson, Julius Frese, exploring themes of contemporary.",Contemporary
B0377,Herland,"Charlotte Perkins Gilman, Alex Goody, Eva Kumar, Evelynn D. Smith, Chavdar Georgiev, Booking, Aurora Irvine",Literary Fiction,Contemporary,300,hard,4.3,1915,"A compelling literary fiction book by Charlotte Perkins Gilman, Alex Goody, Eva Kumar, Evelynn D. Smith, Chavdar Georgiev, Booking, Aurora Irvine, exploring themes of contemporary.",Contemporary
B0378,Faust,Johann Wolfgang von Goethe,Literary Fiction,Contemporary,300,hard,3.5,1800,"A compelling literary fiction book by Johann Wolfgang von Goethe, exploring themes of contemporary.",Contemporary
B0379,O Pioneers!,Willa Cather,Literary Fiction,Contemporary,300,hard,4.3,1913,"A compelling literary fiction book by Willa Cather, exploring themes of contemporary.",Contemporary
B0380,The Castle of Otranto,Horace Walpole,Literary Fiction,Contemporary,300,hard,3.5,1764,"A compelling literary fiction book by Horace Walpole, exploring themes of contemporary.",Contemporary
B0381,The Turn of the Screw,Henry James,Literary Fiction,Contemporary,300,hard,4.0,1898,"A compelling literary fiction book by Henry James, exploring themes of contemporary.",Contemporary
B0382,Heart of Darkness,Joseph Conrad,Literary Fiction,Contemporary,300,hard,3.6,1899,"A compelling literary fiction book by Joseph Conrad, exploring themes of contemporary.",Contemporary
B0383,Nineteen Eighty-Four,George Orwell,Literary Fiction,Contemporary,300,hard,4.5,1949,"A compelling literary fiction book by George Orwell, exploring themes of contemporary.",Contemporary
B0384,Alice's Adventures in Wonderland / Through the Looking Glass,Lewis Carroll,Literary Fiction,Contemporary,300,hard,3.5,1889,"A compelling literary fiction book by Lewis Carroll, exploring themes of contemporary.",Contemporary
B0385,The Club of Queer Trades,Gilbert Keith Chesterton,Literary Fiction,Contemporary,300,hard,4.1,1900,"A compelling literary fiction book by Gilbert Keith Chesterton, exploring themes of contemporary.",Contemporary
B0386,"Villette, a novel",Charlotte Brontë,Literary Fiction,Contemporary,300,hard,4.0,1853,"A compelling literary fiction book by Charlotte Brontë, exploring themes of contemporary.",Contemporary
B0387,Metamorphoses,Ovid,Literary Fiction,Contemporary,300,hard,3.5,1479,"A compelling literary fiction book by Ovid, exploring themes of contemporary.",Contemporary
B0388,Howards End,E. M. Forster,Literary Fiction,Contemporary,300,hard,3.8,1910,"A compelling literary fiction book by E. M. Forster, exploring themes of contemporary.",Contemporary
B0389,The Beautiful and Damned,F. Scott Fitzgerald,Literary Fiction,Contemporary,300,hard,4.3,1920,"A compelling literary fiction book by F. Scott Fitzgerald, exploring themes of contemporary.",Contemporary
B0390,Pericles,William Shakespeare,Literary Fiction,Contemporary,300,hard,3.9,1609,"A compelling literary fiction book by William Shakespeare, exploring themes of contemporary.",Contemporary
B0391,Lilith,George MacDonald,Literary Fiction,Contemporary,300,hard,3.7,1895,"A compelling literary fiction book by George MacDonald, exploring themes of contemporary.",Contemporary
B0392,L’étranger,Albert Camus,Literary Fiction,Contemporary,300,hard,4.6,1942,"A compelling literary fiction book by Albert Camus, exploring themes of contemporary.",Contemporary
B0393,The Importance of Being Earnest,Oscar Wilde,Literary Fiction,Contemporary,300,hard,4.6,1893,"A compelling literary fiction book by Oscar Wilde, exploring themes of contemporary.",Contemporary
B0394,Flower Fables,Louisa May Alcott,Literary Fiction,Contemporary,300,hard,4.6,1854,"A compelling literary fiction book by Louisa May Alcott, exploring themes of contemporary.",Contemporary
B0395,La père Goriot,Honoré de Balzac,Literary Fiction,Contemporary,300,hard,3.8,1800,"A compelling literary fiction book by Honoré de Balzac, exploring themes of contemporary.",Contemporary
B0396,"Under the Greenwood Tree or, The Mellstock quire",Thomas Hardy,Literary Fiction,Contemporary,300,hard,3.8,1872,"A compelling literary fiction book by Thomas Hardy, exploring themes of contemporary.",Contemporary
B0397,De la démocratie en Amérique,"Alexis de Tocqueville, Gustave de Beaumont",Literary Fiction,Contemporary,300,hard,4.2,1835,"A compelling literary fiction book by Alexis de Tocqueville, Gustave de Beaumont, exploring themes of contemporary.",Contemporary
B0398,Bleak House,Charles Dickens,Literary Fiction,Contemporary,300,hard,3.9,1850,"A compelling literary fiction book by Charles Dickens, exploring themes of contemporary.",Contemporary
B0399,The Souls of Black Folk,W. E. B. Du Bois,Literary Fiction,Contemporary,300,hard,3.9,1903,"A compelling literary fiction book by W. E. B. Du Bois, exploring themes of contemporary.",Contemporary
B0400,Timon of Athens,William Shakespeare,Literary Fiction,Contemporary,300,hard,4.1,1734,"A compelling literary fiction book by William Shakespeare, exploring themes of contemporary.",Contemporary
B0401,A Christmas Carol,Charles Dickens,Non-Fiction,Biography,300,hard,3.7,1843,"A compelling non-fiction book by Charles Dickens, exploring themes of biography.",Biography
B0402,The Scarlet Letter,Nathaniel Hawthorne,Non-Fiction,Biography,300,hard,3.9,1800,"A compelling non-fiction book by Nathaniel Hawthorne, exploring themes of biography.",Biography
B0403,Анна Каренина,Лев Толстой,Non-Fiction,Biography,300,hard,4.0,1876,"A compelling non-fiction book by Лев Толстой, exploring themes of biography.",Biography
B0404,The Hound of the Baskervilles,Arthur Conan Doyle,Non-Fiction,Biography,300,hard,4.6,1900,"A compelling non-fiction book by Arthur Conan Doyle, exploring themes of biography.",Biography
B0405,The Yellow Wallpaper,"Charlotte Perkins Gilman, Aric Cushing, Logan Thomas, SparkNotes, Bryan Hunt, A. J. Alexander, Steven Stern, Aileen Oracion, Twisted Classics, Anne Geer, Sara Barkat, Period Time Publishing, Félix Gerónimo, Agustín López Tobajas, Nicolae Sfetcu, Erminia Passannanti",Non-Fiction,Biography,300,hard,4.6,1892,"A compelling non-fiction book by Charlotte Perkins Gilman, Aric Cushing, Logan Thomas, SparkNotes, Bryan Hunt, A. J. Alexander, Steven Stern, Aileen Oracion, Twisted Classics, Anne Geer, Sara Barkat, Period Time Publishing, Félix Gerónimo, Agustín López Tobajas, Nicolae Sfetcu, Erminia Passannanti, exploring themes of biography.",Biography
B0406,Riders of the Purple Sage,Zane Grey,Non-Fiction,Biography,300,hard,4.2,1912,"A compelling non-fiction book by Zane Grey, exploring themes of biography.",Biography
B0407,Tao te Ching,老子,Non-Fiction,Biography,300,hard,4.4,1842,"A compelling non-fiction book by 老子, exploring themes of biography.",Biography
B0408,At the Back of the North Wind,George MacDonald,Non-Fiction,Biography,300,hard,3.5,1871,"A compelling non-fiction book by George MacDonald, exploring themes of biography.",Biography
B0409,Lilith,George MacDonald,Non-Fiction,Biography,300,hard,3.7,1895,"A compelling non-fiction book by George MacDonald, exploring themes of biography.",Biography
B0410,Jude the Obscure,Thomas Hardy,Non-Fiction,Biography,300,hard,3.9,1895,"A compelling non-fiction book by Thomas Hardy, exploring themes of biography.",Biography
B0411,The Golden Bough,James George Frazer,Non-Fiction,Biography,300,hard,4.1,1890,"A compelling non-fiction book by James George Frazer, exploring themes of biography.",Biography
B0412,The Hunting of the Snark,Lewis Carroll,Non-Fiction,Biography,300,hard,3.6,1876,"A compelling non-fiction book by Lewis Carroll, exploring themes of biography.",Biography
B0413,Tales from Shakespeare [20 tales],"Charles Lamb, Mary Lamb",Non-Fiction,Biography,300,hard,4.0,1800,"A compelling non-fiction book by Charles Lamb, Mary Lamb, exploring themes of biography.",Biography
B0414,"The History of Rasselas, Prince of Abyssinia",Samuel Johnson,Non-Fiction,Biography,300,hard,3.5,1759,"A compelling non-fiction book by Samuel Johnson, exploring themes of biography.",Biography
B0415,Salammbô,Gustave Flaubert,Non-Fiction,Biography,300,hard,4.0,1863,"A compelling non-fiction book by Gustave Flaubert, exploring themes of biography.",Biography
B0416,"The Beasts of Tarzan (Classic Ace SF, F-203)",Edgar Rice Burroughs,Non-Fiction,Biography,300,hard,3.6,1914,"A compelling non-fiction book by Edgar Rice Burroughs, exploring themes of biography.",Biography
B0417,Spoon River Anthology,"Edgar Lee Masters, Beatriz Martín Vidal, Mario Giacomelli, Patrick Reumaux",Non-Fiction,Biography,300,hard,4.7,1914,"A compelling non-fiction book by Edgar Lee Masters, Beatriz Martín Vidal, Mario Giacomelli, Patrick Reumaux, exploring themes of biography.",Biography
B0418,Effi Briest,Theodor Fontane,Non-Fiction,Biography,300,hard,4.1,1894,"A compelling non-fiction book by Theodor Fontane, exploring themes of biography.",Biography
B0419,The Classic Tale of the Velveteen Rabbit,Margery Williams Bianco,Non-Fiction,Biography,300,hard,4.0,1900,"A compelling non-fiction book by Margery Williams Bianco, exploring themes of biography.",Biography
B0420,Dē vītā Caesarum,Suetonius,Non-Fiction,Biography,300,hard,4.1,1470,"A compelling non-fiction book by Suetonius, exploring themes of biography.",Biography
B0421,Goodnight Moon,Margaret Wise Brown,Non-Fiction,Biography,300,hard,4.5,1947,"A compelling non-fiction book by Margaret Wise Brown, exploring themes of biography.",Biography
B0422,الروض العاطر في نزهة الخاطر,ʻUmar ibn Muḥammad Nafzāwī,Non-Fiction,Biography,300,hard,3.9,1886,"A compelling non-fiction book by ʻUmar ibn Muḥammad Nafzāwī, exploring themes of biography.",Biography
B0423,Tarzan and the Jewels of Opar,Edgar Rice Burroughs,Non-Fiction,Biography,300,hard,3.8,1916,"A compelling non-fiction book by Edgar Rice Burroughs, exploring themes of biography.",Biography
B0424,Guess How Much I Love You,"Sam McBratney, Anita Jeram",Non-Fiction,Biography,300,hard,4.3,1994,"A compelling non-fiction book by Sam McBratney, Anita Jeram, exploring themes of biography.",Biography
B0425,El túnel,Ernesto Sabato,Non-Fiction,Biography,300,hard,3.7,1948,"A compelling non-fiction book by Ernesto Sabato, exploring themes of biography.",Biography
B0426,The Return of Tarzan,Edgar Rice Burroughs,Non-Fiction,Biography,300,hard,4.1,1915,"A compelling non-fiction book by Edgar Rice Burroughs, exploring themes of biography.",Biography
B0427,Historia verdadera de la conquista de la Nueva España,Bernal Díaz del Castillo,Non-Fiction,Biography,300,hard,3.6,1632,"A compelling non-fiction book by Bernal Díaz del Castillo, exploring themes of biography.",Biography
B0428,Le Deuxième Sexe,Simone de Beauvoir,Non-Fiction,Biography,300,hard,4.0,1949,"A compelling non-fiction book by Simone de Beauvoir, exploring themes of biography.",Biography
B0429,Divergent,Veronica Roth,Non-Fiction,Biography,300,hard,3.5,2010,"A compelling non-fiction book by Veronica Roth, exploring themes of biography.",Biography
B0430,Sapiens,Yuval Noah Harari,Non-Fiction,Biography,300,hard,4.2,2011,"A compelling non-fiction book by Yuval Noah Harari, exploring themes of biography.",Biography
B0431,Egmont,Johann Wolfgang von Goethe,Non-Fiction,Biography,300,hard,4.7,1788,"A compelling non-fiction book by Johann Wolfgang von Goethe, exploring themes of biography.",Biography
B0432,The Naked Ape,Desmond Morris,Non-Fiction,Biography,300,hard,3.8,1772,"A compelling non-fiction book by Desmond Morris, exploring themes of biography.",Biography
B0433,Death in the afternoon,Ernest Hemingway,Non-Fiction,Biography,300,hard,3.8,1920,"A compelling non-fiction book by Ernest Hemingway, exploring themes of biography.",Biography
B0434,The Phantom Tollbooth,Norton Juster,Non-Fiction,Biography,300,hard,4.3,1961,"A compelling non-fiction book by Norton Juster, exploring themes of biography.",Biography
B0435,The Lincoln Lawyer (Mickey Haller #1),Michael Connelly,Non-Fiction,Biography,300,hard,3.9,1895,"A compelling non-fiction book by Michael Connelly, exploring themes of biography.",Biography
B0436,The Son of Tarzan,Edgar Rice Burroughs,Non-Fiction,Biography,300,hard,4.1,1915,"A compelling non-fiction book by Edgar Rice Burroughs, exploring themes of biography.",Biography
B0437,The Tommyknockers,Stephen King,Non-Fiction,Biography,300,hard,4.0,1985,"A compelling non-fiction book by Stephen King, exploring themes of biography.",Biography
B0438,Biology,Neil Allison Campbell,Non-Fiction,Biography,300,hard,4.0,1987,"A compelling non-fiction book by Neil Allison Campbell, exploring themes of biography.",Biography
B0439,The Life of Our Lord,"Charles Dickens, Workman Family Classics, B. McCahill",Non-Fiction,Biography,300,hard,4.4,1934,"A compelling non-fiction book by Charles Dickens, Workman Family Classics, B. McCahill, exploring themes of biography.",Biography
B0440,Alive!,Piers Paul Read,Non-Fiction,Biography,300,hard,4.3,1920,"A compelling non-fiction book by Piers Paul Read, exploring themes of biography.",Biography
B0441,The emperor's new clothes,"Hans Christian Andersen, Ève Tharlet, Jeffrey Stewart Timmins, Stephanie True Peters",Non-Fiction,Biography,300,hard,3.9,1945,"A compelling non-fiction book by Hans Christian Andersen, Ève Tharlet, Jeffrey Stewart Timmins, Stephanie True Peters, exploring themes of biography.",Biography
B0442,Just one look,Harlan Coben,Non-Fiction,Biography,300,hard,3.7,2001,"A compelling non-fiction book by Harlan Coben, exploring themes of biography.",Biography
B0443,Tarzan at the Earth's Core,Edgar Rice Burroughs,Non-Fiction,Biography,300,hard,4.4,1959,"A compelling non-fiction book by Edgar Rice Burroughs, exploring themes of biography.",Biography
B0444,Danse Macabre,Stephen King,Non-Fiction,Biography,300,hard,3.5,1980,"A compelling non-fiction book by Stephen King, exploring themes of biography.",Biography
B0445,The Ipcress File,Len Deighton,Non-Fiction,Biography,300,hard,4.5,1962,"A compelling non-fiction book by Len Deighton, exploring themes of biography.",Biography
B0446,O Christos xanastavronetai,Nikos Kazantzakis,Non-Fiction,Biography,300,hard,3.6,1901,"A compelling non-fiction book by Nikos Kazantzakis, exploring themes of biography.",Biography
B0447,Never Cry Wolf,Farley Mowat,Non-Fiction,Biography,300,hard,3.6,1963,"A compelling non-fiction book by Farley Mowat, exploring themes of biography.",Biography
B0448,The Selfish Gene,Richard Dawkins,Non-Fiction,Biography,300,hard,3.9,1976,"A compelling non-fiction book by Richard Dawkins, exploring themes of biography.",Biography
B0449,Rotkäppchen,"Charles Perrault, Gebrüder Grimm [Brothers Grimm]",Non-Fiction,Biography,300,hard,3.7,1945,"A compelling non-fiction book by Charles Perrault, Gebrüder Grimm [Brothers Grimm], exploring themes of biography.",Biography
B0450,La Dorotea,Lope de Vega,Non-Fiction,Biography,300,hard,3.7,1632,"A compelling non-fiction book by Lope de Vega, exploring themes of biography.",Biography
B0451,The Innocent,Harlan Coben,Non-Fiction,Biography,300,hard,4.3,2004,"A compelling non-fiction book by Harlan Coben, exploring themes of biography.",Biography
B0452,Mike Mulligan and His Steam Shovel,Virginia Lee Burton,Non-Fiction,Biography,300,hard,4.3,1939,"A compelling non-fiction book by Virginia Lee Burton, exploring themes of biography.",Biography
B0453,The White Dragon,Anne McCaffrey,Non-Fiction,Biography,300,hard,3.8,1978,"A compelling non-fiction book by Anne McCaffrey, exploring themes of biography.",Biography
B0454,His Dark Materials,Philip Pullman,Non-Fiction,Biography,300,hard,3.6,2000,"A compelling non-fiction book by Philip Pullman, exploring themes of biography.",Biography
B0455,A dark-adapted eye,"Ruth Rendell, Harriet Walter, Richard Bravery",Non-Fiction,Biography,300,hard,4.7,1986,"A compelling non-fiction book by Ruth Rendell, Harriet Walter, Richard Bravery, exploring themes of biography.",Biography
B0456,Bu mu'yuk jloktor,"David Werner, Carol Thuman, Jane Maxwell, Andrew Pearson, C. Sathyamala, David B. Werner",Non-Fiction,Biography,300,hard,4.3,1975,"A compelling non-fiction book by David Werner, Carol Thuman, Jane Maxwell, Andrew Pearson, C. Sathyamala, David B. Werner, exploring themes of biography.",Biography
B0457,Les Croisades vues par les Arabes,Amin Maalouf,Non-Fiction,Biography,300,hard,3.8,1983,"A compelling non-fiction book by Amin Maalouf, exploring themes of biography.",Biography
B0458,Down Under (In a Sunburned Country),Bill Bryson,Non-Fiction,Biography,300,hard,4.0,2000,"A compelling non-fiction book by Bill Bryson, exploring themes of biography.",Biography
B0459,Fleshmarket Close,"Ian Rankin, Francisco Martín Arribas",Non-Fiction,Biography,300,hard,4.7,2004,"A compelling non-fiction book by Ian Rankin, Francisco Martín Arribas, exploring themes of biography.",Biography
B0460,La vérité sur l'affaire Harry Quebert,Joël Dicker,Non-Fiction,Biography,300,hard,4.2,2012,"A compelling non-fiction book by Joël Dicker, exploring themes of biography.",Biography
B0461,Los templarios,Piers Paul Read,Non-Fiction,Biography,300,hard,4.1,1995,"A compelling non-fiction book by Piers Paul Read, exploring themes of biography.",Biography
B0462,The Naming of the Dead (An Inspector Rebus),Ian Rankin,Non-Fiction,Biography,300,hard,4.3,2006,"A compelling non-fiction book by Ian Rankin, exploring themes of biography.",Biography
B0463,Banco,Henri Charrière,Non-Fiction,Biography,300,hard,4.6,1900,"A compelling non-fiction book by Henri Charrière, exploring themes of biography.",Biography
B0464,Poems,Juan Ramón Jiménez,Non-Fiction,Biography,300,hard,4.5,1917,"A compelling non-fiction book by Juan Ramón Jiménez, exploring themes of biography.",Biography
B0465,Hillbilly Elegy,J. D. Vance,Non-Fiction,Biography,300,hard,3.9,2016,"A compelling non-fiction book by J. D. Vance, exploring themes of biography.",Biography
B0466,National Velvet,"Bagnold, Enid.",Non-Fiction,Biography,300,hard,4.1,1900,"A compelling non-fiction book by Bagnold, Enid., exploring themes of biography.",Biography
B0467,My Teacher Is an Alien,Bruce Coville,Non-Fiction,Biography,300,hard,3.9,1989,"A compelling non-fiction book by Bruce Coville, exploring themes of biography.",Biography
B0468,Treason's Harbour,Patrick O'Brian,Non-Fiction,Biography,300,hard,4.1,1983,"A compelling non-fiction book by Patrick O'Brian, exploring themes of biography.",Biography
B0469,The Way Things Work,David Macaulay,Non-Fiction,Biography,300,hard,4.2,1988,"A compelling non-fiction book by David Macaulay, exploring themes of biography.",Biography
B0470,A question of blood,Ian Rankin,Non-Fiction,Biography,300,hard,4.7,2003,"A compelling non-fiction book by Ian Rankin, exploring themes of biography.",Biography
B0471,Ancient Egypt (DK Eyewitness),"Hart, George, George Hart, George Hart, DK Publishing",Non-Fiction,Biography,300,hard,3.9,1990,"A compelling non-fiction book by Hart, George, George Hart, George Hart, DK Publishing, exploring themes of biography.",Biography
B0472,Рабство нашего времени,Лев Толстой,Non-Fiction,Biography,300,hard,4.2,1900,"A compelling non-fiction book by Лев Толстой, exploring themes of biography.",Biography
B0473,The Magic School Bus,Joanna Cole,Non-Fiction,Biography,300,hard,4.1,1990,"A compelling non-fiction book by Joanna Cole, exploring themes of biography.",Biography
B0474,"Oh, the Places You'll Go!",Dr. Seuss,Non-Fiction,Biography,300,hard,4.2,1990,"A compelling non-fiction book by Dr. Seuss, exploring themes of biography.",Biography
B0475,The triumph of Katie Byrne,Barbara Taylor Bradford,Non-Fiction,Biography,300,hard,4.7,2001,"A compelling non-fiction book by Barbara Taylor Bradford, exploring themes of biography.",Biography
B0476,The Sea For Breakfast,Lillian Beckwith,Non-Fiction,Biography,300,hard,4.5,1961,"A compelling non-fiction book by Lillian Beckwith, exploring themes of biography.",Biography
B0477,A Whale for the Killing,Farley Mowat,Non-Fiction,Biography,300,hard,4.5,1972,"A compelling non-fiction book by Farley Mowat, exploring themes of biography.",Biography
B0478,Over the River and Through the Wood,"Lydia Maria Child, C. Manson, Nadine Bernard Westcott, Christopher Manson, Brinton Turkle",Non-Fiction,Biography,300,hard,4.3,1924,"A compelling non-fiction book by Lydia Maria Child, C. Manson, Nadine Bernard Westcott, Christopher Manson, Brinton Turkle, exploring themes of biography.",Biography
B0479,The diamond smugglers,Ian Fleming,Non-Fiction,Biography,300,hard,4.1,1957,"A compelling non-fiction book by Ian Fleming, exploring themes of biography.",Biography
B0480,The one plus one,Jojo Moyes,Non-Fiction,Biography,300,hard,4.7,2014,"A compelling non-fiction book by Jojo Moyes, exploring themes of biography.",Biography
B0481,A Christmas Carol,Charles Dickens,Horror,Supernatural,300,medium,3.7,1843,"A compelling horror book by Charles Dickens, exploring themes of supernatural.",Supernatural
B0482,The Picture of Dorian Gray,Oscar Wilde,Horror,Supernatural,300,medium,4.2,1890,"A compelling horror book by Oscar Wilde, exploring themes of supernatural.",Supernatural
B0483,"Frankenstein; or, The Modern Prometheus",Mary Shelley,Horror,Supernatural,300,medium,3.9,1818,"A compelling horror book by Mary Shelley, exploring themes of supernatural.",Supernatural
B0484,Dracula,Bram Stoker,Horror,Supernatural,300,medium,4.5,1897,"A compelling horror book by Bram Stoker, exploring themes of supernatural.",Supernatural
B0485,The Legend of Sleepy Hollow,Washington Irving,Horror,Supernatural,300,medium,3.6,1820,"A compelling horror book by Washington Irving, exploring themes of supernatural.",Supernatural
B0486,Northanger Abbey,Jane Austen,Horror,Supernatural,300,medium,3.9,1818,"A compelling horror book by Jane Austen, exploring themes of supernatural.",Supernatural
B0487,The Yellow Wallpaper,"Charlotte Perkins Gilman, Aric Cushing, Logan Thomas, SparkNotes, Bryan Hunt, A. J. Alexander, Steven Stern, Aileen Oracion, Twisted Classics, Anne Geer, Sara Barkat, Period Time Publishing, Félix Gerónimo, Agustín López Tobajas, Nicolae Sfetcu, Erminia Passannanti",Horror,Supernatural,300,medium,4.6,1892,"A compelling horror book by Charlotte Perkins Gilman, Aric Cushing, Logan Thomas, SparkNotes, Bryan Hunt, A. J. Alexander, Steven Stern, Aileen Oracion, Twisted Classics, Anne Geer, Sara Barkat, Period Time Publishing, Félix Gerónimo, Agustín López Tobajas, Nicolae Sfetcu, Erminia Passannanti, exploring themes of supernatural.",Supernatural
B0488,The Mayor of Casterbridge,Thomas Hardy,Horror,Supernatural,300,medium,3.8,1800,"A compelling horror book by Thomas Hardy, exploring themes of supernatural.",Supernatural
B0489,The Jewel of Seven Stars,Bram Stoker,Horror,Supernatural,300,medium,3.5,1902,"A compelling horror book by Bram Stoker, exploring themes of supernatural.",Supernatural
B0490,Herland,"Charlotte Perkins Gilman, Alex Goody, Eva Kumar, Evelynn D. Smith, Chavdar Georgiev, Booking, Aurora Irvine",Horror,Supernatural,300,medium,4.3,1915,"A compelling horror book by Charlotte Perkins Gilman, Alex Goody, Eva Kumar, Evelynn D. Smith, Chavdar Georgiev, Booking, Aurora Irvine, exploring themes of supernatural.",Supernatural
B0491,Bram Stoker's Dracula omnibus,"Bram Stoker, Mary Shelley, Robert Louis Stevenson, Danide, Núria Pradas, Carmen Gil, Bram Stoker, Juan Antonio Molina Foix, Mario Montalbán, Leonard Wolf, ClassyBookRead, BRAM STOCKER, BRAM STOKER, Anna Gasol Trullols, Destinyalready Creative Writing Ink, Bram Stroker, Fay Weldon, Bram Stoker., Bess Georges, Alba Pagán, David Stuart Davies, David Rogers, A. R. S. BEL, Ferdinand Du Chevalier, Abraham Stoker, Sarah Prescott, Alex Rouse, Bram Stoke, A. Nessi, Bram Stoker ",Horror,Supernatural,300,medium,3.5,1897,"A compelling horror book by Bram Stoker, Mary Shelley, Robert Louis Stevenson, Danide, Núria Pradas, Carmen Gil, Bram Stoker, Juan Antonio Molina Foix, Mario Montalbán, Leonard Wolf, ClassyBookRead, BRAM STOCKER, BRAM STOKER, Anna Gasol Trullols, Destinyalready Creative Writing Ink, Bram Stroker, Fay Weldon, Bram Stoker., Bess Georges, Alba Pagán, David Stuart Davies, David Rogers, A. R. S. BEL, Ferdinand Du Chevalier, Abraham Stoker, Sarah Prescott, Alex Rouse, Bram Stoke, A. Nessi, Bram Stoker , exploring themes of supernatural.",Supernatural
B0492,The Castle of Otranto,Horace Walpole,Horror,Supernatural,300,medium,3.5,1764,"A compelling horror book by Horace Walpole, exploring themes of supernatural.",Supernatural
B0493,Carmilla,Sheridan Le Fanu,Horror,Supernatural,300,medium,4.4,1871,"A compelling horror book by Sheridan Le Fanu, exploring themes of supernatural.",Supernatural
B0494,The Turn of the Screw,Henry James,Horror,Supernatural,300,medium,4.0,1898,"A compelling horror book by Henry James, exploring themes of supernatural.",Supernatural
B0495,The Invisible Man,H. G. Wells,Horror,Supernatural,300,medium,4.3,0,"A compelling horror book by H. G. Wells, exploring themes of supernatural.",Supernatural
B0496,The Murders in the Rue Morgue,Edgar Allan Poe,Horror,Supernatural,300,medium,4.1,1841,"A compelling horror book by Edgar Allan Poe, exploring themes of supernatural.",Supernatural
B0497,The Hobbit,J.R.R. Tolkien,Horror,Supernatural,300,medium,4.2,1937,"A compelling horror book by J.R.R. Tolkien, exploring themes of supernatural.",Supernatural
B0498,The King in Yellow,Robert W. Chambers,Horror,Supernatural,300,medium,3.7,1895,"A compelling horror book by Robert W. Chambers, exploring themes of supernatural.",Supernatural
B0499,The House of Seven Gables Readalong,Nathaniel Hawthorne,Horror,Supernatural,300,medium,4.0,1851,"A compelling horror book by Nathaniel Hawthorne, exploring themes of supernatural.",Supernatural
B0500,The Great God Pan,Arthur Machen,Horror,Supernatural,300,medium,4.1,1894,"A compelling horror book by Arthur Machen, exploring themes of supernatural.",Supernatural
B0501,The Narrative of Arthur Gordon Pym,Edgar Allan Poe,Horror,Supernatural,300,medium,4.3,1838,"A compelling horror book by Edgar Allan Poe, exploring themes of supernatural.",Supernatural
B0502,Dracula's Guest and Other Weird Stories,"Bram Stoker, Bram Stoker, Bram Bram Stoker",Horror,Supernatural,300,medium,3.7,1937,"A compelling horror book by Bram Stoker, Bram Stoker, Bram Bram Stoker, exploring themes of supernatural.",Supernatural
B0503,The Strange Case of Dr. Jekyll and Mr. Hyde,Robert Louis Stevenson,Horror,Supernatural,300,medium,4.1,1875,"A compelling horror book by Robert Louis Stevenson, exploring themes of supernatural.",Supernatural
B0504,The Magician,William Somerset Maugham,Horror,Supernatural,300,medium,4.3,1908,"A compelling horror book by William Somerset Maugham, exploring themes of supernatural.",Supernatural
B0505,The Island of Dr. Moreau,H. G. Wells,Horror,Supernatural,300,medium,3.8,1896,"A compelling horror book by H. G. Wells, exploring themes of supernatural.",Supernatural
B0506,Dracula / Sign of Four,"Anne Collins, Margaret Tarner, Bram Stoker, Arthur Conan Doyle, Maisha Books, Mary Shelley, Robert Louis Stevenson, Bram Storker, M. Bram Stocker, M. Philippe Ballin, Mrs Eve Paul-Margueritte in 1920, Bram Stolker, Bram Stoker, Bram BRAM STOKER, Braum Stoker, BramStoker, Warren Publishing Company, Esis Nem, Mr Bram Stoker, Paper Mill Press Bram Stoker, Tor, Books, and Stoker, Bram, BRAM STOKER, Bram Bram Stoker, Gustavo Aguilera, Classical Comics, Nik Maguire, Moon Dragon, Collectifs, Julio Rodríguez Puértolas, Hutchinson Emily, Period Time Publishing, D. P. Stevens Edition, Bram Stoker (Auteur), Bryan Hunt, A. J. Alexander, Classic Collections, Stoker, Bram, Hughs, William, Stoker, Heinz Widtmann, B. Stoker, Yordi Abreu, Bi Classics, Alex Stewart, Si tuo ke, BRAM STOCKER - E. NOBATI, Tabib Haider, bram stroker, Matthew Corrigan, Bram Stocker, Fernando Fernández, Anna Gasol Trullols, Andrew Struthers, Bram stoker, bram stoker, Bram Bram, HellBound Books Publishing LLC, Christina Widmann",Horror,Supernatural,300,medium,4.5,1897,"A compelling horror book by Anne Collins, Margaret Tarner, Bram Stoker, Arthur Conan Doyle, Maisha Books, Mary Shelley, Robert Louis Stevenson, Bram Storker, M. Bram Stocker, M. Philippe Ballin, Mrs Eve Paul-Margueritte in 1920, Bram Stolker, Bram Stoker, Bram BRAM STOKER, Braum Stoker, BramStoker, Warren Publishing Company, Esis Nem, Mr Bram Stoker, Paper Mill Press Bram Stoker, Tor, Books, and Stoker, Bram, BRAM STOKER, Bram Bram Stoker, Gustavo Aguilera, Classical Comics, Nik Maguire, Moon Dragon, Collectifs, Julio Rodríguez Puértolas, Hutchinson Emily, Period Time Publishing, D. P. Stevens Edition, Bram Stoker (Auteur), Bryan Hunt, A. J. Alexander, Classic Collections, Stoker, Bram, Hughs, William, Stoker, Heinz Widtmann, B. Stoker, Yordi Abreu, Bi Classics, Alex Stewart, Si tuo ke, BRAM STOCKER - E. NOBATI, Tabib Haider, bram stroker, Matthew Corrigan, Bram Stocker, Fernando Fernández, Anna Gasol Trullols, Andrew Struthers, Bram stoker, bram stoker, Bram Bram, HellBound Books Publishing LLC, Christina Widmann, exploring themes of supernatural.",Supernatural
B0507,The Raven,Edgar Allan Poe,Horror,Supernatural,300,medium,3.9,1845,"A compelling horror book by Edgar Allan Poe, exploring themes of supernatural.",Supernatural
B0508,The Haunted Hotel,Wilkie Collins,Horror,Supernatural,300,medium,3.8,1878,"A compelling horror book by Wilkie Collins, exploring themes of supernatural.",Supernatural
B0509,The Willows,Algernon Blackwood,Horror,Supernatural,300,medium,4.7,2002,"A compelling horror book by Algernon Blackwood, exploring themes of supernatural.",Supernatural
B0510,Beyond the Black River,Robert E. Howard,Horror,Supernatural,300,medium,4.1,2007,"A compelling horror book by Robert E. Howard, exploring themes of supernatural.",Supernatural
B0511,Fahrenheit 451,Ray Bradbury,Horror,Supernatural,300,medium,4.0,1953,"A compelling horror book by Ray Bradbury, exploring themes of supernatural.",Supernatural
B0512,The White People,Arthur Machen,Horror,Supernatural,300,medium,3.5,2004,"A compelling horror book by Arthur Machen, exploring themes of supernatural.",Supernatural
B0513,Daisy Miller,Henry James,Horror,Supernatural,300,medium,3.8,1877,"A compelling horror book by Henry James, exploring themes of supernatural.",Supernatural
B0514,The Haunted Man and the Ghost's Bargain,"Charles Dickens, John Tenniel, Frank Stone",Horror,Supernatural,300,medium,4.5,1848,"A compelling horror book by Charles Dickens, John Tenniel, Frank Stone, exploring themes of supernatural.",Supernatural
B0515,The Fall of the House of Usher,Edgar Allan Poe,Horror,Supernatural,300,medium,4.7,1704,"A compelling horror book by Edgar Allan Poe, exploring themes of supernatural.",Supernatural
B0516,Poems,Percy Bysshe Shelley,Horror,Supernatural,300,medium,4.5,1800,"A compelling horror book by Percy Bysshe Shelley, exploring themes of supernatural.",Supernatural
B0517,The Book of Dreams and Ghosts,Andrew Lang,Horror,Supernatural,300,medium,3.5,1897,"A compelling horror book by Andrew Lang, exploring themes of supernatural.",Supernatural
B0518,"House Of The Vampire, The",George Sylvester Viereck,Horror,Supernatural,300,medium,4.2,1907,"A compelling horror book by George Sylvester Viereck, exploring themes of supernatural.",Supernatural
B0519,Witch Wood,John Buchan,Horror,Supernatural,300,medium,4.7,1927,"A compelling horror book by John Buchan, exploring themes of supernatural.",Supernatural
B0520,Uncle Silas,Sheridan Le Fanu,Horror,Supernatural,300,medium,3.5,1864,"A compelling horror book by Sheridan Le Fanu, exploring themes of supernatural.",Supernatural
B0521,The Beetle. A Mystery,Richard Marsh,Horror,Supernatural,300,medium,3.8,1897,"A compelling horror book by Richard Marsh, exploring themes of supernatural.",Supernatural
B0522,The Mysteries of Udolpho,Ann Radcliffe,Horror,Supernatural,300,medium,4.5,1794,"A compelling horror book by Ann Radcliffe, exploring themes of supernatural.",Supernatural
B0523,Dr. Nikola's Experiment,Guy Boothby,Horror,Supernatural,300,medium,3.9,1981,"A compelling horror book by Guy Boothby, exploring themes of supernatural.",Supernatural
B0524,The Hidden Children,Robert W. Chambers,Horror,Supernatural,300,medium,4.1,1914,"A compelling horror book by Robert W. Chambers, exploring themes of supernatural.",Supernatural
B0525,The Hill of Dreams,Arthur Machen,Horror,Supernatural,300,medium,3.6,1907,"A compelling horror book by Arthur Machen, exploring themes of supernatural.",Supernatural
B0526,The Wendigo,Algernon Blackwood,Horror,Supernatural,300,medium,4.0,1932,"A compelling horror book by Algernon Blackwood, exploring themes of supernatural.",Supernatural
B0527,Brood of the Witch-Queen,Sax Rohmer,Horror,Supernatural,300,medium,3.8,1924,"A compelling horror book by Sax Rohmer, exploring themes of supernatural.",Supernatural
B0528,Time and the Gods,"Lord Dunsany, S.H. Sime",Horror,Supernatural,300,medium,4.7,1906,"A compelling horror book by Lord Dunsany, S.H. Sime, exploring themes of supernatural.",Supernatural
B0529,Ghost Stories of an Antiquary,Montague Rhodes James,Horror,Supernatural,300,medium,3.7,1904,"A compelling horror book by Montague Rhodes James, exploring themes of supernatural.",Supernatural
B0530,"Dracula's guest, and other weird stories","Bram Stoker, Washington Irving, Saki, Charles Dickens, Edgar Allan Poe, Guy de Maupassant, Robert Louis Stevenson, Mark Twain, Bram Stroker, Thomas Hardy, Henry James, Michael Sims, Varla Ventura, James Anderson Foster, Sheridan Le Fanu, E. F. Benson, Paul Boehmer, Gabrielle de Cuir, Kate Orsini, Bram Stoker, Bram StokerDracula's Guest is a short story by Bram Stoker and published in the short story collection Dracula's Guest and Other Weir, Najam Saqib, Luis Angel O. E., Abraham Stoker, Bram Stocker, M. Kellermeyer, Stoker Bram, Shanower Eric, Michael Sims",Horror,Supernatural,300,medium,3.9,1914,"A compelling horror book by Bram Stoker, Washington Irving, Saki, Charles Dickens, Edgar Allan Poe, Guy de Maupassant, Robert Louis Stevenson, Mark Twain, Bram Stroker, Thomas Hardy, Henry James, Michael Sims, Varla Ventura, James Anderson Foster, Sheridan Le Fanu, E. F. Benson, Paul Boehmer, Gabrielle de Cuir, Kate Orsini, Bram Stoker, Bram StokerDracula's Guest is a short story by Bram Stoker and published in the short story collection Dracula's Guest and Other Weir, Najam Saqib, Luis Angel O. E., Abraham Stoker, Bram Stocker, M. Kellermeyer, Stoker Bram, Shanower Eric, Michael Sims, exploring themes of supernatural.",Supernatural
B0531,Tales of Terror and Mystery,Arthur Conan Doyle,Horror,Supernatural,300,medium,4.4,1963,"A compelling horror book by Arthur Conan Doyle, exploring themes of supernatural.",Supernatural
B0532,The Magician's Nephew,C. S. Lewis,Horror,Supernatural,300,medium,4.1,1955,"A compelling horror book by C. S. Lewis, exploring themes of supernatural.",Supernatural
B0533,The house of the Wolfings,William Morris,Horror,Supernatural,300,medium,4.3,1889,"A compelling horror book by William Morris, exploring themes of supernatural.",Supernatural
B0534,The Vampyre,John William Polidori,Horror,Supernatural,300,medium,4.5,1819,"A compelling horror book by John William Polidori, exploring themes of supernatural.",Supernatural
B0535,Northern Lights,Philip Pullman,Horror,Supernatural,300,medium,4.1,1995,"A compelling horror book by Philip Pullman, exploring themes of supernatural.",Supernatural
B0536,Tales of the Grotesque and Arabesque,Edgar Allan Poe,Horror,Supernatural,300,medium,4.3,1840,"A compelling horror book by Edgar Allan Poe, exploring themes of supernatural.",Supernatural
B0537,Nightmare Abbey,Thomas Love Peacock,Horror,Supernatural,300,medium,3.8,1818,"A compelling horror book by Thomas Love Peacock, exploring themes of supernatural.",Supernatural
B0538,The Empty House and Other Ghost Stories,Algernon Blackwood,Horror,Supernatural,300,medium,3.9,1906,"A compelling horror book by Algernon Blackwood, exploring themes of supernatural.",Supernatural
B0539,The Eye of Osiris,R. Austin Freeman,Horror,Supernatural,300,medium,4.0,1911,"A compelling horror book by R. Austin Freeman, exploring themes of supernatural.",Supernatural
B0540,Le fantôme de l'opéra,Gaston Leroux,Horror,Supernatural,300,medium,4.2,1911,"A compelling horror book by Gaston Leroux, exploring themes of supernatural.",Supernatural
B0541,Twilight,Stephenie Meyer,Horror,Supernatural,300,medium,4.5,2005,"A compelling horror book by Stephenie Meyer, exploring themes of supernatural.",Supernatural
B0542,The Power of Darkness,Edith Nesbit,Horror,Supernatural,300,medium,3.6,2006,"A compelling horror book by Edith Nesbit, exploring themes of supernatural.",Supernatural
B0543,The Black Cat,Edgar Allan Poe,Horror,Supernatural,300,medium,4.6,1914,"A compelling horror book by Edgar Allan Poe, exploring themes of supernatural.",Supernatural
B0544,Carrie,Stephen King,Horror,Supernatural,300,medium,4.3,1974,"A compelling horror book by Stephen King, exploring themes of supernatural.",Supernatural
B0545,The house by the church-yard,Sheridan Le Fanu,Horror,Supernatural,300,medium,3.7,1863,"A compelling horror book by Sheridan Le Fanu, exploring themes of supernatural.",Supernatural
B0546,"The Lancashire Witches, a Romance of Pendle Forest",William Harrison Ainsworth,Horror,Supernatural,300,medium,4.6,1849,"A compelling horror book by William Harrison Ainsworth, exploring themes of supernatural.",Supernatural
B0547,'Salem’s Lot,"Stephen King, Stephen King",Horror,Supernatural,300,medium,3.9,1959,"A compelling horror book by Stephen King, Stephen King, exploring themes of supernatural.",Supernatural
B0548,The Lightning Thief,Rick Riordan,Horror,Supernatural,300,medium,4.6,2005,"A compelling horror book by Rick Riordan, exploring themes of supernatural.",Supernatural
B0549,Jack Sheppard (1839),"William Harrison Ainsworth, George Cruikshank, William Ainsworth, William Harrison, Jonas B. Phillips",Horror,Supernatural,300,medium,3.9,1839,"A compelling horror book by William Harrison Ainsworth, George Cruikshank, William Ainsworth, William Harrison, Jonas B. Phillips, exploring themes of supernatural.",Supernatural
B0550,The Damned,Algernon Blackwood,Horror,Supernatural,300,medium,4.1,2002,"A compelling horror book by Algernon Blackwood, exploring themes of supernatural.",Supernatural
B0551,The Subtle Knife,Philip Pullman,Horror,Supernatural,300,medium,4.6,1997,"A compelling horror book by Philip Pullman, exploring themes of supernatural.",Supernatural
B0552,Police!!!,Robert W. Chambers,Horror,Supernatural,300,medium,4.4,1915,"A compelling horror book by Robert W. Chambers, exploring themes of supernatural.",Supernatural
B0553,Melmoth the Wanderer,Charles Robert Maturin,Horror,Supernatural,300,medium,3.9,1820,"A compelling horror book by Charles Robert Maturin, exploring themes of supernatural.",Supernatural
B0554,The Pit and the Pendulum,Edgar Allan Poe,Horror,Supernatural,300,medium,4.7,1907,"A compelling horror book by Edgar Allan Poe, exploring themes of supernatural.",Supernatural
B0555,Wieland,Charles Brockden Brown,Horror,Supernatural,300,medium,4.4,1798,"A compelling horror book by Charles Brockden Brown, exploring themes of supernatural.",Supernatural
B0556,Misery,Stephen King,Horror,Supernatural,300,medium,3.8,1978,"A compelling horror book by Stephen King, exploring themes of supernatural.",Supernatural
B0557,The Shining,Stephen King,Horror,Supernatural,300,medium,4.5,1977,"A compelling horror book by Stephen King, exploring themes of supernatural.",Supernatural
B0558,It,Stephen King,Horror,Supernatural,300,medium,4.6,1986,"A compelling horror book by Stephen King, exploring themes of supernatural.",Supernatural
B0559,The Gunslinger,Stephen King,Horror,Supernatural,300,medium,4.4,1976,"A compelling horror book by Stephen King, exploring themes of supernatural.",Supernatural
B0560,Coraline,Neil Gaiman,Horror,Supernatural,300,medium,3.9,2001,"A compelling horror book by Neil Gaiman, exploring themes of supernatural.",Supernatural
B0561,Pride and Prejudice,Jane Austen,Historical Fiction,WWII,300,medium,4.0,1813,"A compelling historical fiction book by Jane Austen, exploring themes of wwii.",WWII
B0562,A Christmas Carol,Charles Dickens,Historical Fiction,WWII,300,medium,3.7,1843,"A compelling historical fiction book by Charles Dickens, exploring themes of wwii.",WWII
B0563,The Picture of Dorian Gray,Oscar Wilde,Historical Fiction,WWII,300,medium,4.2,1890,"A compelling historical fiction book by Oscar Wilde, exploring themes of wwii.",WWII
B0564,Wuthering Heights,Emily Brontë,Historical Fiction,WWII,300,medium,4.0,1846,"A compelling historical fiction book by Emily Brontë, exploring themes of wwii.",WWII
B0565,Adventures of Huckleberry Finn,Mark Twain,Historical Fiction,WWII,300,medium,3.7,1876,"A compelling historical fiction book by Mark Twain, exploring themes of wwii.",WWII
B0566,The Scarlet Letter,Nathaniel Hawthorne,Historical Fiction,WWII,300,medium,3.9,1800,"A compelling historical fiction book by Nathaniel Hawthorne, exploring themes of wwii.",WWII
B0567,Robinson Crusoe,Daniel Defoe,Historical Fiction,WWII,300,medium,4.5,1686,"A compelling historical fiction book by Daniel Defoe, exploring themes of wwii.",WWII
B0568,Hamlet,William Shakespeare,Historical Fiction,WWII,300,medium,4.6,1603,"A compelling historical fiction book by William Shakespeare, exploring themes of wwii.",WWII
B0569,Emma,Jane Austen,Historical Fiction,WWII,300,medium,4.2,1815,"A compelling historical fiction book by Jane Austen, exploring themes of wwii.",WWII
B0570,Oliver Twist,Charles Dickens,Historical Fiction,WWII,300,medium,4.7,1822,"A compelling historical fiction book by Charles Dickens, exploring themes of wwii.",WWII
B0571,"Frankenstein; or, The Modern Prometheus",Mary Shelley,Historical Fiction,WWII,300,medium,3.9,1818,"A compelling historical fiction book by Mary Shelley, exploring themes of wwii.",WWII
B0572,Sense and Sensibility,Jane Austen,Historical Fiction,WWII,300,medium,4.2,1811,"A compelling historical fiction book by Jane Austen, exploring themes of wwii.",WWII
B0573,A Tale of Two Cities,Charles Dickens,Historical Fiction,WWII,300,medium,4.0,1800,"A compelling historical fiction book by Charles Dickens, exploring themes of wwii.",WWII
B0574,Treasure Island,Robert Louis Stevenson,Historical Fiction,WWII,300,medium,4.6,1880,"A compelling historical fiction book by Robert Louis Stevenson, exploring themes of wwii.",WWII
B0575,Dracula,Bram Stoker,Historical Fiction,WWII,300,medium,4.5,1897,"A compelling historical fiction book by Bram Stoker, exploring themes of wwii.",WWII
B0576,Little Women,Louisa May Alcott,Historical Fiction,WWII,300,medium,4.4,1848,"A compelling historical fiction book by Louisa May Alcott, exploring themes of wwii.",WWII
B0577,Macbeth,William Shakespeare,Historical Fiction,WWII,300,medium,4.6,1508,"A compelling historical fiction book by William Shakespeare, exploring themes of wwii.",WWII
B0578,Gulliver's Travels,Jonathan Swift,Historical Fiction,WWII,300,medium,4.5,1726,"A compelling historical fiction book by Jonathan Swift, exploring themes of wwii.",WWII
B0579,The Call of the Wild,Jack London,Historical Fiction,WWII,300,medium,4.6,1903,"A compelling historical fiction book by Jack London, exploring themes of wwii.",WWII
B0580,Don Quijote de la Mancha,Miguel de Cervantes Saavedra,Historical Fiction,WWII,300,medium,4.3,1600,"A compelling historical fiction book by Miguel de Cervantes Saavedra, exploring themes of wwii.",WWII
B0581,A Midsummer Night's Dream,William Shakespeare,Historical Fiction,WWII,300,medium,3.6,1600,"A compelling historical fiction book by William Shakespeare, exploring themes of wwii.",WWII
B0582,Great Expectations,Charles Dickens,Historical Fiction,WWII,300,medium,3.5,1861,"A compelling historical fiction book by Charles Dickens, exploring themes of wwii.",WWII
B0583,Julius Caesar,William Shakespeare,Historical Fiction,WWII,300,medium,3.9,1656,"A compelling historical fiction book by William Shakespeare, exploring themes of wwii.",WWII
B0584,The Wind in the Willows,Kenneth Grahame,Historical Fiction,WWII,300,medium,4.2,1908,"A compelling historical fiction book by Kenneth Grahame, exploring themes of wwii.",WWII
B0585,La Divina Commedia,Dante Alighieri,Historical Fiction,WWII,300,medium,4.0,1472,"A compelling historical fiction book by Dante Alighieri, exploring themes of wwii.",WWII
B0586,Анна Каренина,Лев Толстой,Historical Fiction,WWII,300,medium,4.0,1876,"A compelling historical fiction book by Лев Толстой, exploring themes of wwii.",WWII
B0587,Persuasion,Jane Austen,Historical Fiction,WWII,300,medium,4.1,1789,"A compelling historical fiction book by Jane Austen, exploring themes of wwii.",WWII
B0588,The Great Gatsby,F. Scott Fitzgerald,Historical Fiction,WWII,300,medium,4.0,1920,"A compelling historical fiction book by F. Scott Fitzgerald, exploring themes of wwii.",WWII
B0589,Преступление и наказание,Fiódor Dostoievski,Historical Fiction,WWII,300,medium,3.9,1866,"A compelling historical fiction book by Fiódor Dostoievski, exploring themes of wwii.",WWII
B0590,Jane Eyre,Charlotte Brontë,Historical Fiction,WWII,300,medium,4.1,1847,"A compelling historical fiction book by Charlotte Brontë, exploring themes of wwii.",WWII
B0591,The Time Machine,H. G. Wells,Historical Fiction,WWII,300,medium,4.4,1895,"A compelling historical fiction book by H. G. Wells, exploring themes of wwii.",WWII
B0592,Three Men in a Boat (to say nothing of the dog),Jerome Klapka Jérôme,Historical Fiction,WWII,300,medium,3.7,1889,"A compelling historical fiction book by Jerome Klapka Jérôme, exploring themes of wwii.",WWII
B0593,The Adventures of Sherlock Holmes [12 stories],Arthur Conan Doyle,Historical Fiction,WWII,300,medium,4.5,1892,"A compelling historical fiction book by Arthur Conan Doyle, exploring themes of wwii.",WWII
B0594,Moby Dick,Herman Melville,Historical Fiction,WWII,300,medium,4.1,1851,"A compelling historical fiction book by Herman Melville, exploring themes of wwii.",WWII
B0595,Mansfield Park,Jane Austen,Historical Fiction,WWII,300,medium,4.3,1814,"A compelling historical fiction book by Jane Austen, exploring themes of wwii.",WWII
B0596,King Solomon's Mines,H. Rider Haggard,Historical Fiction,WWII,300,medium,4.1,1876,"A compelling historical fiction book by H. Rider Haggard, exploring themes of wwii.",WWII
B0597,Les trois Mousquetaires,Alexandre Dumas,Historical Fiction,WWII,300,medium,3.9,1844,"A compelling historical fiction book by Alexandre Dumas, exploring themes of wwii.",WWII
B0598,Ἰλιάς,Ὅμηρος,Historical Fiction,WWII,300,medium,3.6,1505,"A compelling historical fiction book by Ὅμηρος, exploring themes of wwii.",WWII
B0599,Candide,Voltaire,Historical Fiction,WWII,300,medium,4.1,1746,"A compelling historical fiction book by Voltaire, exploring themes of wwii.",WWII
B0600,Narrative of the life of Frederick Douglass,Frederick Douglass,Historical Fiction,WWII,300,medium,4.2,1845,"A compelling historical fiction book by Frederick Douglass, exploring themes of wwii.",WWII
B0601,The Legend of Sleepy Hollow,Washington Irving,Historical Fiction,WWII,300,medium,3.6,1820,"A compelling historical fiction book by Washington Irving, exploring themes of wwii.",WWII
B0602,Northanger Abbey,Jane Austen,Historical Fiction,WWII,300,medium,3.9,1818,"A compelling historical fiction book by Jane Austen, exploring themes of wwii.",WWII
B0603,Ethan Frome,Edith Wharton,Historical Fiction,WWII,300,medium,4.3,1910,"A compelling historical fiction book by Edith Wharton, exploring themes of wwii.",WWII
B0604,The Railway Children,Edith Nesbit,Historical Fiction,WWII,300,medium,4.2,1900,"A compelling historical fiction book by Edith Nesbit, exploring themes of wwii.",WWII
B0605,"Henry IV, Part 1",William Shakespeare,Historical Fiction,WWII,300,medium,3.6,1598,"A compelling historical fiction book by William Shakespeare, exploring themes of wwii.",WWII
B0606,Metamorphosis,Franz Kafka,Historical Fiction,WWII,300,medium,4.3,1915,"A compelling historical fiction book by Franz Kafka, exploring themes of wwii.",WWII
B0607,Antony and Cleopatra,William Shakespeare,Historical Fiction,WWII,300,medium,4.6,1734,"A compelling historical fiction book by William Shakespeare, exploring themes of wwii.",WWII
B0608,Kim,Rudyard Kipling,Historical Fiction,WWII,300,medium,4.6,1901,"A compelling historical fiction book by Rudyard Kipling, exploring themes of wwii.",WWII
B0609,The Adventures of Tom Sawyer,Mark Twain,Historical Fiction,WWII,300,medium,3.5,1817,"A compelling historical fiction book by Mark Twain, exploring themes of wwii.",WWII
B0610,The Last of the Mohicans,James Fenimore Cooper,Historical Fiction,WWII,300,medium,4.3,1826,"A compelling historical fiction book by James Fenimore Cooper, exploring themes of wwii.",WWII
B0611,David Copperfield,Charles Dickens,Historical Fiction,WWII,300,medium,4.6,1800,"A compelling historical fiction book by Charles Dickens, exploring themes of wwii.",WWII
B0612,Cymbeline,William Shakespeare,Historical Fiction,WWII,300,medium,4.0,1734,"A compelling historical fiction book by William Shakespeare, exploring themes of wwii.",WWII
B0613,King Richard II,William Shakespeare,Historical Fiction,WWII,300,medium,4.5,1597,"A compelling historical fiction book by William Shakespeare, exploring themes of wwii.",WWII
B0614,Записки изъ подполья,Fiódor Dostoievski,Historical Fiction,WWII,300,medium,3.7,1864,"A compelling historical fiction book by Fiódor Dostoievski, exploring themes of wwii.",WWII
B0615,My Ántonia,Willa Cather,Historical Fiction,WWII,300,medium,3.5,1818,"A compelling historical fiction book by Willa Cather, exploring themes of wwii.",WWII
B0616,The Old Curiosity Shop,Charles Dickens,Historical Fiction,WWII,300,medium,4.0,1800,"A compelling historical fiction book by Charles Dickens, exploring themes of wwii.",WWII
B0617,All's Well That Ends Well,William Shakespeare,Historical Fiction,WWII,300,medium,3.6,1734,"A compelling historical fiction book by William Shakespeare, exploring themes of wwii.",WWII
B0618,A Connecticut Yankee in King Arthur's Court,Mark Twain,Historical Fiction,WWII,300,medium,4.2,1889,"A compelling historical fiction book by Mark Twain, exploring themes of wwii.",WWII
B0619,The Cricket on the Hearth,Charles Dickens,Historical Fiction,WWII,300,medium,4.3,1846,"A compelling historical fiction book by Charles Dickens, exploring themes of wwii.",WWII
B0620,Richard III,William Shakespeare,Historical Fiction,WWII,300,medium,3.7,1597,"A compelling historical fiction book by William Shakespeare, exploring themes of wwii.",WWII
B0621,The Prince and the Pauper,Mark Twain,Historical Fiction,WWII,300,medium,4.3,1881,"A compelling historical fiction book by Mark Twain, exploring themes of wwii.",WWII
B0622,A Room with a View,E. M. Forster,Historical Fiction,WWII,300,medium,4.6,1905,"A compelling historical fiction book by E. M. Forster, exploring themes of wwii.",WWII
B0623,The Lost World,Arthur Conan Doyle,Historical Fiction,WWII,300,medium,4.5,1900,"A compelling historical fiction book by Arthur Conan Doyle, exploring themes of wwii.",WWII
B0624,"Le Comte de Monte-Cristo, II",Alexandre Dumas,Historical Fiction,WWII,300,medium,3.8,1830,"A compelling historical fiction book by Alexandre Dumas, exploring themes of wwii.",WWII
B0625,King Henry VIII,"William Shakespeare, John Fletcher",Historical Fiction,WWII,300,medium,4.2,1670,"A compelling historical fiction book by William Shakespeare, John Fletcher, exploring themes of wwii.",WWII
B0626,Decamerone,Giovanni Boccaccio,Historical Fiction,WWII,300,medium,3.9,1516,"A compelling historical fiction book by Giovanni Boccaccio, exploring themes of wwii.",WWII
B0627,The House of Mirth,Edith Wharton,Historical Fiction,WWII,300,medium,4.6,1905,"A compelling historical fiction book by Edith Wharton, exploring themes of wwii.",WWII
B0628,Uncle Tom's Cabin,Harriet Beecher Stowe,Historical Fiction,WWII,300,medium,4.6,1850,"A compelling historical fiction book by Harriet Beecher Stowe, exploring themes of wwii.",WWII
B0629,The Pilgrim's Progress,John Bunyan,Historical Fiction,WWII,300,medium,3.6,1678,"A compelling historical fiction book by John Bunyan, exploring themes of wwii.",WWII
B0630,The Autobiography of Benjamin Franklin,Benjamin Franklin,Historical Fiction,WWII,300,medium,4.5,1791,"A compelling historical fiction book by Benjamin Franklin, exploring themes of wwii.",WWII
B0631,The Jungle,Upton Sinclair,Historical Fiction,WWII,300,medium,4.7,1791,"A compelling historical fiction book by Upton Sinclair, exploring themes of wwii.",WWII
B0632,The Woman in White,"Wilkie Collins, William Collins",Historical Fiction,WWII,300,medium,3.8,1859,"A compelling historical fiction book by Wilkie Collins, William Collins, exploring themes of wwii.",WWII
B0633,"Henry VI, Part 3",William Shakespeare,Historical Fiction,WWII,300,medium,3.8,1600,"A compelling historical fiction book by William Shakespeare, exploring themes of wwii.",WWII
B0634,War and Peace,Лев Толстой,Historical Fiction,WWII,300,medium,4.1,1845,"A compelling historical fiction book by Лев Толстой, exploring themes of wwii.",WWII
B0635,The Battle of Life,"Charles Dickens, Edward Stirling, Shahid Akram",Historical Fiction,WWII,300,medium,4.6,1846,"A compelling historical fiction book by Charles Dickens, Edward Stirling, Shahid Akram, exploring themes of wwii.",WWII
B0636,The Red Badge of Courage,Stephen Crane,Historical Fiction,WWII,300,medium,4.4,1855,"A compelling historical fiction book by Stephen Crane, exploring themes of wwii.",WWII
B0637,Rilla of Ingleside,Lucy Maud Montgomery,Historical Fiction,WWII,300,medium,3.5,1920,"A compelling historical fiction book by Lucy Maud Montgomery, exploring themes of wwii.",WWII
B0638,Du côté de chez Swann,Marcel Proust,Historical Fiction,WWII,300,medium,3.5,1908,"A compelling historical fiction book by Marcel Proust, exploring themes of wwii.",WWII
B0639,This Side of Paradise,F. Scott Fitzgerald,Historical Fiction,WWII,300,medium,4.2,1920,"A compelling historical fiction book by F. Scott Fitzgerald, exploring themes of wwii.",WWII
B0640,Henry V,William Shakespeare,Historical Fiction,WWII,300,medium,4.5,1600,"A compelling historical fiction book by William Shakespeare, exploring themes of wwii.",WWII
B0641,Wuthering Heights,Emily Brontë,Young Adult,Coming of Age,300,easy,4.0,1846,"A compelling young adult book by Emily Brontë, exploring themes of coming of age.",Coming of Age
B0642,The Scarlet Letter,Nathaniel Hawthorne,Young Adult,Coming of Age,300,easy,3.9,1800,"A compelling young adult book by Nathaniel Hawthorne, exploring themes of coming of age.",Coming of Age
B0643,Hamlet,William Shakespeare,Young Adult,Coming of Age,300,easy,4.6,1603,"A compelling young adult book by William Shakespeare, exploring themes of coming of age.",Coming of Age
B0644,Oliver Twist,Charles Dickens,Young Adult,Coming of Age,300,easy,4.7,1822,"A compelling young adult book by Charles Dickens, exploring themes of coming of age.",Coming of Age
B0645,"Frankenstein; or, The Modern Prometheus",Mary Shelley,Young Adult,Coming of Age,300,easy,3.9,1818,"A compelling young adult book by Mary Shelley, exploring themes of coming of age.",Coming of Age
B0646,The Wonderful Wizard of Oz,L. Frank Baum,Young Adult,Coming of Age,300,easy,4.7,1899,"A compelling young adult book by L. Frank Baum, exploring themes of coming of age.",Coming of Age
B0647,Little Women,Louisa May Alcott,Young Adult,Coming of Age,300,easy,4.4,1848,"A compelling young adult book by Louisa May Alcott, exploring themes of coming of age.",Coming of Age
B0648,Macbeth,William Shakespeare,Young Adult,Coming of Age,300,easy,4.6,1508,"A compelling young adult book by William Shakespeare, exploring themes of coming of age.",Coming of Age
B0649,Gulliver's Travels,Jonathan Swift,Young Adult,Coming of Age,300,easy,4.5,1726,"A compelling young adult book by Jonathan Swift, exploring themes of coming of age.",Coming of Age
B0650,King Lear,William Shakespeare,Young Adult,Coming of Age,300,easy,4.6,1608,"A compelling young adult book by William Shakespeare, exploring themes of coming of age.",Coming of Age
B0651,A Midsummer Night's Dream,William Shakespeare,Young Adult,Coming of Age,300,easy,3.6,1600,"A compelling young adult book by William Shakespeare, exploring themes of coming of age.",Coming of Age
B0652,Great Expectations,Charles Dickens,Young Adult,Coming of Age,300,easy,3.5,1861,"A compelling young adult book by Charles Dickens, exploring themes of coming of age.",Coming of Age
B0653,The Great Gatsby,F. Scott Fitzgerald,Young Adult,Coming of Age,300,easy,4.0,1920,"A compelling young adult book by F. Scott Fitzgerald, exploring themes of coming of age.",Coming of Age
B0654,Three Men in a Boat (to say nothing of the dog),Jerome Klapka Jérôme,Young Adult,Coming of Age,300,easy,3.7,1889,"A compelling young adult book by Jerome Klapka Jérôme, exploring themes of coming of age.",Coming of Age
B0655,The Taming of the Shrew,William Shakespeare,Young Adult,Coming of Age,300,easy,4.3,1631,"A compelling young adult book by William Shakespeare, exploring themes of coming of age.",Coming of Age
B0656,King Solomon's Mines,H. Rider Haggard,Young Adult,Coming of Age,300,easy,4.1,1876,"A compelling young adult book by H. Rider Haggard, exploring themes of coming of age.",Coming of Age
B0657,Romeo and Juliet,William Shakespeare,Young Adult,Coming of Age,300,easy,4.4,1597,"A compelling young adult book by William Shakespeare, exploring themes of coming of age.",Coming of Age
B0658,"Henry IV, Part 1",William Shakespeare,Young Adult,Coming of Age,300,easy,3.6,1598,"A compelling young adult book by William Shakespeare, exploring themes of coming of age.",Coming of Age
B0659,Antony and Cleopatra,William Shakespeare,Young Adult,Coming of Age,300,easy,4.6,1734,"A compelling young adult book by William Shakespeare, exploring themes of coming of age.",Coming of Age
B0660,The Adventures of Tom Sawyer,Mark Twain,Young Adult,Coming of Age,300,easy,3.5,1817,"A compelling young adult book by Mark Twain, exploring themes of coming of age.",Coming of Age
B0661,David Copperfield,Charles Dickens,Young Adult,Coming of Age,300,easy,4.6,1800,"A compelling young adult book by Charles Dickens, exploring themes of coming of age.",Coming of Age
B0662,King Richard II,William Shakespeare,Young Adult,Coming of Age,300,easy,4.5,1597,"A compelling young adult book by William Shakespeare, exploring themes of coming of age.",Coming of Age
B0663,All's Well That Ends Well,William Shakespeare,Young Adult,Coming of Age,300,easy,3.6,1734,"A compelling young adult book by William Shakespeare, exploring themes of coming of age.",Coming of Age
B0664,The Merchant of Venice,William Shakespeare,Young Adult,Coming of Age,300,easy,4.3,1600,"A compelling young adult book by William Shakespeare, exploring themes of coming of age.",Coming of Age
B0665,The Tempest,William Shakespeare,Young Adult,Coming of Age,300,easy,4.3,1611,"A compelling young adult book by William Shakespeare, exploring themes of coming of age.",Coming of Age
B0666,Two Gentlemen of Verona,William Shakespeare,Young Adult,Coming of Age,300,easy,3.8,1632,"A compelling young adult book by William Shakespeare, exploring themes of coming of age.",Coming of Age
B0667,The Lost World,Arthur Conan Doyle,Young Adult,Coming of Age,300,easy,4.5,1900,"A compelling young adult book by Arthur Conan Doyle, exploring themes of coming of age.",Coming of Age
B0668,The Comedy of Errors,William Shakespeare,Young Adult,Coming of Age,300,easy,4.7,1734,"A compelling young adult book by William Shakespeare, exploring themes of coming of age.",Coming of Age
B0669,"Twelfth Night, or What You Will",William Shakespeare,Young Adult,Coming of Age,300,easy,3.7,1734,"A compelling young adult book by William Shakespeare, exploring themes of coming of age.",Coming of Age
B0670,This Side of Paradise,F. Scott Fitzgerald,Young Adult,Coming of Age,300,easy,4.2,1920,"A compelling young adult book by F. Scott Fitzgerald, exploring themes of coming of age.",Coming of Age
B0671,Henry V,William Shakespeare,Young Adult,Coming of Age,300,easy,4.5,1600,"A compelling young adult book by William Shakespeare, exploring themes of coming of age.",Coming of Age
B0672,Jo's Boys,Louisa May Alcott,Young Adult,Coming of Age,300,easy,4.5,1886,"A compelling young adult book by Louisa May Alcott, exploring themes of coming of age.",Coming of Age
B0673,"Henry IV, Part 2",William Shakespeare,Young Adult,Coming of Age,300,easy,4.5,1600,"A compelling young adult book by William Shakespeare, exploring themes of coming of age.",Coming of Age
B0674,The Hobbit,J.R.R. Tolkien,Young Adult,Coming of Age,300,easy,4.2,1937,"A compelling young adult book by J.R.R. Tolkien, exploring themes of coming of age.",Coming of Age
B0675,Vingt mille lieues sous les mers,Jules Verne,Young Adult,Coming of Age,300,easy,4.4,1870,"A compelling young adult book by Jules Verne, exploring themes of coming of age.",Coming of Age
B0676,An Old-Fashioned Girl,Louisa May Alcott,Young Adult,Coming of Age,300,easy,4.7,1869,"A compelling young adult book by Louisa May Alcott, exploring themes of coming of age.",Coming of Age
B0677,King John,William Shakespeare,Young Adult,Coming of Age,300,easy,3.8,1700,"A compelling young adult book by William Shakespeare, exploring themes of coming of age.",Coming of Age
B0678,Measure for Measure,William Shakespeare,Young Adult,Coming of Age,300,easy,4.7,1700,"A compelling young adult book by William Shakespeare, exploring themes of coming of age.",Coming of Age
B0679,The Fellowship of the Ring,"J.R.R. Tolkien, Editorial Editorial World, Robert Robert Thompson",Young Adult,Coming of Age,300,easy,3.7,1954,"A compelling young adult book by J.R.R. Tolkien, Editorial Editorial World, Robert Robert Thompson, exploring themes of coming of age.",Coming of Age
B0680,A Little Princess,Frances Hodgson Burnett,Young Adult,Coming of Age,300,easy,4.5,1905,"A compelling young adult book by Frances Hodgson Burnett, exploring themes of coming of age.",Coming of Age
B0681,The Raven,Edgar Allan Poe,Young Adult,Coming of Age,300,easy,3.9,1845,"A compelling young adult book by Edgar Allan Poe, exploring themes of coming of age.",Coming of Age
B0682,Poems,Alfred Lord Tennyson,Young Adult,Coming of Age,300,easy,4.5,1827,"A compelling young adult book by Alfred Lord Tennyson, exploring themes of coming of age.",Coming of Age
B0683,Rose in Bloom,"Louisa May Alcott, Harriet Roosevelt Richards",Young Adult,Coming of Age,300,easy,4.0,1876,"A compelling young adult book by Louisa May Alcott, Harriet Roosevelt Richards, exploring themes of coming of age.",Coming of Age
B0684,Plays (36),William Shakespeare,Young Adult,Coming of Age,300,easy,3.7,1623,"A compelling young adult book by William Shakespeare, exploring themes of coming of age.",Coming of Age
B0685,Charlie and the Chocolate Factory,Roald Dahl,Young Adult,Coming of Age,300,easy,4.1,1964,"A compelling young adult book by Roald Dahl, exploring themes of coming of age.",Coming of Age
B0686,Washington Square,Henry James,Young Adult,Coming of Age,300,easy,3.5,1880,"A compelling young adult book by Henry James, exploring themes of coming of age.",Coming of Age
B0687,The Catcher in the Rye,"J. D. Salinger, Shao jia yun",Young Adult,Coming of Age,300,easy,4.4,1945,"A compelling young adult book by J. D. Salinger, Shao jia yun, exploring themes of coming of age.",Coming of Age
B0688,When the Sleeper Awakes,H. G. Wells,Young Adult,Coming of Age,300,easy,3.7,1899,"A compelling young adult book by H. G. Wells, exploring themes of coming of age.",Coming of Age
B0689,The Bell Jar,Sylvia Plath,Young Adult,Coming of Age,300,easy,3.8,1948,"A compelling young adult book by Sylvia Plath, exploring themes of coming of age.",Coming of Age
B0690,What Katy Did Next (Best Loved Stories),"Susan Coolidge, Jessie Mcdermot",Young Adult,Coming of Age,300,easy,4.7,1886,"A compelling young adult book by Susan Coolidge, Jessie Mcdermot, exploring themes of coming of age.",Coming of Age
B0691,The BFG,Roald Dahl,Young Adult,Coming of Age,300,easy,3.9,1732,"A compelling young adult book by Roald Dahl, exploring themes of coming of age.",Coming of Age
B0692,Northern Lights,Philip Pullman,Young Adult,Coming of Age,300,easy,4.1,1995,"A compelling young adult book by Philip Pullman, exploring themes of coming of age.",Coming of Age
B0693,Harry Potter and the Deathly Hallows,J. K. Rowling,Young Adult,Coming of Age,300,easy,3.7,2007,"A compelling young adult book by J. K. Rowling, exploring themes of coming of age.",Coming of Age
B0694,The Hunger Games,Suzanne Collins,Young Adult,Coming of Age,300,easy,3.5,2008,"A compelling young adult book by Suzanne Collins, exploring themes of coming of age.",Coming of Age
B0695,Romeo and Juliet (adaptation),"William Shakespeare, John McDonald",Young Adult,Coming of Age,300,easy,4.4,1748,"A compelling young adult book by William Shakespeare, John McDonald, exploring themes of coming of age.",Coming of Age
B0696,Twilight,Stephenie Meyer,Young Adult,Coming of Age,300,easy,4.5,2005,"A compelling young adult book by Stephenie Meyer, exploring themes of coming of age.",Coming of Age
B0697,Loving,Danielle Steel,Young Adult,Coming of Age,300,easy,4.5,1980,"A compelling young adult book by Danielle Steel, exploring themes of coming of age.",Coming of Age
B0698,The Witches,Roald Dahl,Young Adult,Coming of Age,300,easy,4.6,1983,"A compelling young adult book by Roald Dahl, exploring themes of coming of age.",Coming of Age
B0699,Catching Fire,Suzanne Collins,Young Adult,Coming of Age,300,easy,3.6,2009,"A compelling young adult book by Suzanne Collins, exploring themes of coming of age.",Coming of Age
B0700,Peer Gynt,Henrik Ibsen,Young Adult,Coming of Age,300,easy,4.5,1867,"A compelling young adult book by Henrik Ibsen, exploring themes of coming of age.",Coming of Age
B0701,The Book Thief,Markus Zusak,Young Adult,Coming of Age,300,easy,4.4,1998,"A compelling young adult book by Markus Zusak, exploring themes of coming of age.",Coming of Age
B0702,The Red Pony,John Steinbeck,Young Adult,Coming of Age,300,easy,4.6,1933,"A compelling young adult book by John Steinbeck, exploring themes of coming of age.",Coming of Age
B0703,"Undine, eine Erzählung","Friedrich de la Motte-Fouqué, Friedrich Heinrich Kar La Motte-Fouqué",Young Adult,Coming of Age,300,easy,4.4,1845,"A compelling young adult book by Friedrich de la Motte-Fouqué, Friedrich Heinrich Kar La Motte-Fouqué, exploring themes of coming of age.",Coming of Age
B0704,The Curious Incident of the Dog in the Night-Time,Mark Haddon,Young Adult,Coming of Age,300,easy,3.6,2002,"A compelling young adult book by Mark Haddon, exploring themes of coming of age.",Coming of Age
B0705,The Lightning Thief,Rick Riordan,Young Adult,Coming of Age,300,easy,4.6,2005,"A compelling young adult book by Rick Riordan, exploring themes of coming of age.",Coming of Age
B0706,The Subtle Knife,Philip Pullman,Young Adult,Coming of Age,300,easy,4.6,1997,"A compelling young adult book by Philip Pullman, exploring themes of coming of age.",Coming of Age
B0707,The Giver,Lois Lowry,Young Adult,Coming of Age,300,easy,4.7,1993,"A compelling young adult book by Lois Lowry, exploring themes of coming of age.",Coming of Age
B0708,A Wrinkle in Time,Madeleine L'Engle,Young Adult,Coming of Age,300,easy,3.8,1962,"A compelling young adult book by Madeleine L'Engle, exploring themes of coming of age.",Coming of Age
B0709,"Danny, The Champion of the World",Roald Dahl,Young Adult,Coming of Age,300,easy,4.4,1975,"A compelling young adult book by Roald Dahl, exploring themes of coming of age.",Coming of Age
B0710,Admiral Hornblower in the West Indies,"C. S. Forester, C. S. Forrester, c.s. forester",Young Adult,Coming of Age,300,easy,4.4,1956,"A compelling young adult book by C. S. Forester, C. S. Forrester, c.s. forester, exploring themes of coming of age.",Coming of Age
B0711,La sombra del viento,Carlos Ruiz Zafón,Young Adult,Coming of Age,300,easy,4.4,2001,"A compelling young adult book by Carlos Ruiz Zafón, exploring themes of coming of age.",Coming of Age
B0712,Mockingjay,Suzanne Collins,Young Adult,Coming of Age,300,easy,4.7,2010,"A compelling young adult book by Suzanne Collins, exploring themes of coming of age.",Coming of Age
B0713,"Works [37 plays, 5 poems, sonnets]",William Shakespeare,Young Adult,Coming of Age,300,easy,4.1,1794,"A compelling young adult book by William Shakespeare, exploring themes of coming of age.",Coming of Age
B0714,The Boy in the Striped Pyjamas,John Boyne,Young Adult,Coming of Age,300,easy,4.3,2006,"A compelling young adult book by John Boyne, exploring themes of coming of age.",Coming of Age
B0715,Eclipse,Stephenie Meyer,Young Adult,Coming of Age,300,easy,4.2,2006,"A compelling young adult book by Stephenie Meyer, exploring themes of coming of age.",Coming of Age
B0716,The Bobbsey Twins,Laura Lee Hope,Young Adult,Coming of Age,300,easy,4.1,1904,"A compelling young adult book by Laura Lee Hope, exploring themes of coming of age.",Coming of Age
B0717,Coraline,Neil Gaiman,Young Adult,Coming of Age,300,easy,3.9,2001,"A compelling young adult book by Neil Gaiman, exploring themes of coming of age.",Coming of Age
B0718,Things Fall Apart,Chinua Achebe,Young Adult,Coming of Age,300,easy,4.7,1958,"A compelling young adult book by Chinua Achebe, exploring themes of coming of age.",Coming of Age
B0719,Artemis Fowl,Eoin Colfer,Young Adult,Coming of Age,300,easy,4.5,1999,"A compelling young adult book by Eoin Colfer, exploring themes of coming of age.",Coming of Age
B0720,The Magic Finger,Roald Dahl,Young Adult,Coming of Age,300,easy,4.6,1966,"A compelling young adult book by Roald Dahl, exploring themes of coming of age.",Coming of Age
B0721,Alice's Adventures in Wonderland,Lewis Carroll,Psychology,Self-Help,300,medium,4.0,1865,"A compelling psychology book by Lewis Carroll, exploring themes of self-help.",Self-Help
B0722,The Picture of Dorian Gray,Oscar Wilde,Psychology,Self-Help,300,medium,4.2,1890,"A compelling psychology book by Oscar Wilde, exploring themes of self-help.",Self-Help
B0723,Wuthering Heights,Emily Brontë,Psychology,Self-Help,300,medium,4.0,1846,"A compelling psychology book by Emily Brontë, exploring themes of self-help.",Self-Help
B0724,The Scarlet Letter,Nathaniel Hawthorne,Psychology,Self-Help,300,medium,3.9,1800,"A compelling psychology book by Nathaniel Hawthorne, exploring themes of self-help.",Self-Help
B0725,Oliver Twist,Charles Dickens,Psychology,Self-Help,300,medium,4.7,1822,"A compelling psychology book by Charles Dickens, exploring themes of self-help.",Self-Help
B0726,Dracula,Bram Stoker,Psychology,Self-Help,300,medium,4.5,1897,"A compelling psychology book by Bram Stoker, exploring themes of self-help.",Self-Help
B0727,The Art of War,"孙武 (Sun Tzu), Stephen F. Kaufman, Lionel Giles, Onésimo Colavidas",Psychology,Self-Help,300,medium,4.3,1900,"A compelling psychology book by 孙武 (Sun Tzu), Stephen F. Kaufman, Lionel Giles, Onésimo Colavidas, exploring themes of self-help.",Self-Help
B0728,The Prince,Niccolò Machiavelli,Psychology,Self-Help,300,medium,3.7,1515,"A compelling psychology book by Niccolò Machiavelli, exploring themes of self-help.",Self-Help
B0729,Persuasion,Jane Austen,Psychology,Self-Help,300,medium,4.1,1789,"A compelling psychology book by Jane Austen, exploring themes of self-help.",Self-Help
B0730,The Great Gatsby,F. Scott Fitzgerald,Psychology,Self-Help,300,medium,4.0,1920,"A compelling psychology book by F. Scott Fitzgerald, exploring themes of self-help.",Self-Help
B0731,Преступление и наказание,Fiódor Dostoievski,Psychology,Self-Help,300,medium,3.9,1866,"A compelling psychology book by Fiódor Dostoievski, exploring themes of self-help.",Self-Help
B0732,Jane Eyre,Charlotte Brontë,Psychology,Self-Help,300,medium,4.1,1847,"A compelling psychology book by Charlotte Brontë, exploring themes of self-help.",Self-Help
B0733,The Time Machine,H. G. Wells,Psychology,Self-Help,300,medium,4.4,1895,"A compelling psychology book by H. G. Wells, exploring themes of self-help.",Self-Help
B0734,The Taming of the Shrew,William Shakespeare,Psychology,Self-Help,300,medium,4.3,1631,"A compelling psychology book by William Shakespeare, exploring themes of self-help.",Self-Help
B0735,Moby Dick,Herman Melville,Psychology,Self-Help,300,medium,4.1,1851,"A compelling psychology book by Herman Melville, exploring themes of self-help.",Self-Help
B0736,Hard Times,Charles Dickens,Psychology,Self-Help,300,medium,4.4,1854,"A compelling psychology book by Charles Dickens, exploring themes of self-help.",Self-Help
B0737,Northanger Abbey,Jane Austen,Psychology,Self-Help,300,medium,3.9,1818,"A compelling psychology book by Jane Austen, exploring themes of self-help.",Self-Help
B0738,Metamorphosis,Franz Kafka,Psychology,Self-Help,300,medium,4.3,1915,"A compelling psychology book by Franz Kafka, exploring themes of self-help.",Self-Help
B0739,David Copperfield,Charles Dickens,Psychology,Self-Help,300,medium,4.6,1800,"A compelling psychology book by Charles Dickens, exploring themes of self-help.",Self-Help
B0740,Записки изъ подполья,Fiódor Dostoievski,Psychology,Self-Help,300,medium,3.7,1864,"A compelling psychology book by Fiódor Dostoievski, exploring themes of self-help.",Self-Help
B0741,The Old Curiosity Shop,Charles Dickens,Psychology,Self-Help,300,medium,4.0,1800,"A compelling psychology book by Charles Dickens, exploring themes of self-help.",Self-Help
B0742,Der Proceß,Franz Kafka,Psychology,Self-Help,300,medium,3.6,1825,"A compelling psychology book by Franz Kafka, exploring themes of self-help.",Self-Help
B0743,Two Gentlemen of Verona,William Shakespeare,Psychology,Self-Help,300,medium,3.8,1632,"A compelling psychology book by William Shakespeare, exploring themes of self-help.",Self-Help
B0744,A Portrait of the Artist as a Young Man,"James Joyce, James Joyce, james joyce, J Joyce",Psychology,Self-Help,300,medium,3.9,1818,"A compelling psychology book by James Joyce, James Joyce, james joyce, J Joyce, exploring themes of self-help.",Self-Help
B0745,The Mill on the Floss,"George Eliot, Rosalyn Landor, Sue Saunders, Julius Frese",Psychology,Self-Help,300,medium,4.7,1800,"A compelling psychology book by George Eliot, Rosalyn Landor, Sue Saunders, Julius Frese, exploring themes of self-help.",Self-Help
B0746,A Room with a View,E. M. Forster,Psychology,Self-Help,300,medium,4.6,1905,"A compelling psychology book by E. M. Forster, exploring themes of self-help.",Self-Help
B0747,Metamorfosi,"Ovid, William S. Anderson, Mary Frederick, Rolfe Humphries, John Dryden, Samuel Garth, Jack Shapiro, Ovid, Robert Squillace, Frank Justus Miller, Ovidio, Julius Ziehen, Banier (Antoine, M L'Abbe), Niklas Holzberg, Lee Fratantuono, A D Melville, Emeritus Kennedy Professor of Latin Fellow E J Kenney, Ovide, William Scovil Anderson, Stephanie McCarter, Gerhard Fink, Alexander Pope, Joseph Addison, William Congreve, Gottlieb Erdmann Gierig, Jan Minell, Pieter Rabus, Alexander Pope, Sir Samuel Garth, John Godwin, OVIDIO, Publio Nasone Ovidio, Ovidi, Xavier Mata Oroval, Claude-Pierre Goujet, Claude-Pierre Banier, Publius Ovidius Naso, Edward Brooks, Edward Ovid, Ovidius, Ernest Ensor Publius Ovidius Naso, Ovídio, Pierre Du Ryer, Publio Ovidio Nason, Johannes Minellius, Nathan Bailey, J., F., and C. Rivington (Firm), G. G. J. and J. Robinson (Paternoster-Row, London, England), Scatcherd and Whitaker, Publius Ovidius Naso, Mathieu Guillaume Thérès de Villenave, Rudolf Merkel, Ovid Giovanni Andrea Dell' Anguillara, C. Luke Soucy, Publius Ovidius Naso, Joseph Gaspard Dubois-Fontanelle, Villenave, Moriz Haupt, Otto Korn, Otto Ovid, J. J. J.J. Howard, Henry Riley, Théodose Burette, Etienne Gros, John Clarke, John Ovid, William Thane Peck, Moriz Haupt, Hermann Johannes Müller, Otto Korn, Henry T. Riley, Banier M. l'abbé, Bernard Picart, Arthur Golding, William White, William Seres, J. H. Haydon, Maximus Planudes, Jean François Boissonade, Garth, Samuel Sir, Joseph Addison, Laurence Eusden, Arthur Maynwaring, Samuel Croxall, Nahum Tate, John Gay, Freigius, Moritz Haupt, Otto Korn, Ovide Ovide, George Sewell, Ovid Vergil, Ovide (Ovid) ; Georges Lafaye, Rolfe (Translated by) Ovid and Humphries, Ernst Karl Christian Bach, Rudolf Ehwald, Ovidb C -17 or 18 a D, Daniel Crespin, Anton Zingerle, Heinrich Stefan Sedlmayer, José Carlos Fernández Corte, María Josefa Cantó Llorca, Charles Martin, Emily R. Wilson, Ovide, Henry T. Riley, translated by frank jsutus miller Ovid, Moriz Haupt P. Ovidius Naso, 43 B. C. -17 or 18 A. D. Ovid, N. C. (Nathan Covington) 180 Brooks, José-Román Bravo Díaz, Publio Ovidio Nasón, Antonio Ruiz de Elvira Prieto, Bartolomé Segura Ramos, OVIDIO; BONIFAZ NU;O, RUBEN INTRODUCION, VERSION, OVIDIO; BONIFAZ NU;O, RUBEN INTRODUCION, VERSION, Publius Ovidius Naso Ovide, OVIDE, 43 B. C. -17 A. D. or 18 A. D. Ovid, Stamperia del Seminario (Padua), Publius Ovidius Publius Ovidius Naso, Henry Thomas Riley, Publi Ovidi Nasó, Donald E. Hill, J. R. Jenkinson, K. Sara Myers, Ovid Poet, John Laney, Hermann Breitenbach, Rudolf Merkel, Rudolf Ehwald, Ange-François Fariau de Saint-Ange, Pablo Picasso, Jean Gaspard Dubois-Fontanelle, Giuseppe Zocchi, Joseph Chamonard, Diedrich Ernest Bosselaar, Thomas Farnaby, Friedrich Polle, Johannes Siebelis, Bernardino Stagnino, Carolus Vivianus, Ovide (Ovid) ,  Georges Lafaye, Garth, Samuel Sir, George Sandys, Richard Badger, Johann Raener, Henricus Glareanus, Thomas Purfoot, Charles Simmons, Lodovico Dolce, Jakob Moltzer, Ercole Ciofani, Daniel Heinsius, Nicolaas Heinsius, Pieter Burman, Johann Wilhelm Capoferrius, Charles de Massac, Raymond de Massac, George Sewell, Jakob Moltzer, Raffaele Regio, Giovanni de Buonsignore, Luca-Antonio Giunta, William Caxton, George Hibbert, Roxburghe Club, Erich Rösch, Joseph Davidson, Claude-Pierre Goujet, N. Bailey, Johannes Minellius, Banier (Antoine), Jean Matheus, Isaac Briot, Pierre Firens, Michael Faulte, Gerard Jean-Baptiste Scotin, Antoine Humblot, Virgil Solis, Vasiliĭ Maĭkov, Gerhard Lorich, Marguerite Carnec, Olivier Sers, SparkNotes, Georges Lafaye, Raphaello Regius, Josse Badius, Gottlieb Erdmann Gierig, Almeno pseud, Ēlias Tsirinkakēs, Jordi Parramon Blasco, John Clarke, Jacobus Rubeus, Henry N. Heale, William Scovil Anderson, Gianpiero Rosati, Giovanna Faranda Villa, Rossella Corti, Nicolas Renouard, Publius Vergilius Maro, Henry King, Karl Hermann Weise, Jorge de Bustamante, Pierre Bellère, Fitzwilliam, William Charles de Meuron Earl, Edward Glaser, Giovanni de' Buonsignori, Gregor Bersmann, Josse Badius, Pieter Rabus, 'Introductiones' Printer of Nebrissensis, Hannibal Gamon, Clifden, Arthur Victor Agar-Robartes Viscount, England) Lanhydrock House (Cornwall, Giovanni Andrea dell' Anguillara, Francesco Turchi, Clarke, John, Lodovico Dolce, Ovid, Banier (Antoine), Claude-Pierre Goujet, Karl Paul Otto Korn, H. J. Müller, Otto Korn, Johann Balthasar Sedkezki, Stephen Gaselee, H. F. B. Brett-Smith, Pepys Library, Raphaello Regius, Paul Brandt, Thomas Farnaby, Pierre Du Ryer, Gwilym Aneurin Tudor Davies, Ovid, 43 BCE-18, 43 BCE-18",Psychology,Self-Help,300,medium,4.1,1474,"A compelling psychology book by Ovid, William S. Anderson, Mary Frederick, Rolfe Humphries, John Dryden, Samuel Garth, Jack Shapiro, Ovid, Robert Squillace, Frank Justus Miller, Ovidio, Julius Ziehen, Banier (Antoine, M L'Abbe), Niklas Holzberg, Lee Fratantuono, A D Melville, Emeritus Kennedy Professor of Latin Fellow E J Kenney, Ovide, William Scovil Anderson, Stephanie McCarter, Gerhard Fink, Alexander Pope, Joseph Addison, William Congreve, Gottlieb Erdmann Gierig, Jan Minell, Pieter Rabus, Alexander Pope, Sir Samuel Garth, John Godwin, OVIDIO, Publio Nasone Ovidio, Ovidi, Xavier Mata Oroval, Claude-Pierre Goujet, Claude-Pierre Banier, Publius Ovidius Naso, Edward Brooks, Edward Ovid, Ovidius, Ernest Ensor Publius Ovidius Naso, Ovídio, Pierre Du Ryer, Publio Ovidio Nason, Johannes Minellius, Nathan Bailey, J., F., and C. Rivington (Firm), G. G. J. and J. Robinson (Paternoster-Row, London, England), Scatcherd and Whitaker, Publius Ovidius Naso, Mathieu Guillaume Thérès de Villenave, Rudolf Merkel, Ovid Giovanni Andrea Dell' Anguillara, C. Luke Soucy, Publius Ovidius Naso, Joseph Gaspard Dubois-Fontanelle, Villenave, Moriz Haupt, Otto Korn, Otto Ovid, J. J. J.J. Howard, Henry Riley, Théodose Burette, Etienne Gros, John Clarke, John Ovid, William Thane Peck, Moriz Haupt, Hermann Johannes Müller, Otto Korn, Henry T. Riley, Banier M. l'abbé, Bernard Picart, Arthur Golding, William White, William Seres, J. H. Haydon, Maximus Planudes, Jean François Boissonade, Garth, Samuel Sir, Joseph Addison, Laurence Eusden, Arthur Maynwaring, Samuel Croxall, Nahum Tate, John Gay, Freigius, Moritz Haupt, Otto Korn, Ovide Ovide, George Sewell, Ovid Vergil, Ovide (Ovid) ; Georges Lafaye, Rolfe (Translated by) Ovid and Humphries, Ernst Karl Christian Bach, Rudolf Ehwald, Ovidb C -17 or 18 a D, Daniel Crespin, Anton Zingerle, Heinrich Stefan Sedlmayer, José Carlos Fernández Corte, María Josefa Cantó Llorca, Charles Martin, Emily R. Wilson, Ovide, Henry T. Riley, translated by frank jsutus miller Ovid, Moriz Haupt P. Ovidius Naso, 43 B. C. -17 or 18 A. D. Ovid, N. C. (Nathan Covington) 180 Brooks, José-Román Bravo Díaz, Publio Ovidio Nasón, Antonio Ruiz de Elvira Prieto, Bartolomé Segura Ramos, OVIDIO; BONIFAZ NU;O, RUBEN INTRODUCION, VERSION, OVIDIO; BONIFAZ NU;O, RUBEN INTRODUCION, VERSION, Publius Ovidius Naso Ovide, OVIDE, 43 B. C. -17 A. D. or 18 A. D. Ovid, Stamperia del Seminario (Padua), Publius Ovidius Publius Ovidius Naso, Henry Thomas Riley, Publi Ovidi Nasó, Donald E. Hill, J. R. Jenkinson, K. Sara Myers, Ovid Poet, John Laney, Hermann Breitenbach, Rudolf Merkel, Rudolf Ehwald, Ange-François Fariau de Saint-Ange, Pablo Picasso, Jean Gaspard Dubois-Fontanelle, Giuseppe Zocchi, Joseph Chamonard, Diedrich Ernest Bosselaar, Thomas Farnaby, Friedrich Polle, Johannes Siebelis, Bernardino Stagnino, Carolus Vivianus, Ovide (Ovid) ,  Georges Lafaye, Garth, Samuel Sir, George Sandys, Richard Badger, Johann Raener, Henricus Glareanus, Thomas Purfoot, Charles Simmons, Lodovico Dolce, Jakob Moltzer, Ercole Ciofani, Daniel Heinsius, Nicolaas Heinsius, Pieter Burman, Johann Wilhelm Capoferrius, Charles de Massac, Raymond de Massac, George Sewell, Jakob Moltzer, Raffaele Regio, Giovanni de Buonsignore, Luca-Antonio Giunta, William Caxton, George Hibbert, Roxburghe Club, Erich Rösch, Joseph Davidson, Claude-Pierre Goujet, N. Bailey, Johannes Minellius, Banier (Antoine), Jean Matheus, Isaac Briot, Pierre Firens, Michael Faulte, Gerard Jean-Baptiste Scotin, Antoine Humblot, Virgil Solis, Vasiliĭ Maĭkov, Gerhard Lorich, Marguerite Carnec, Olivier Sers, SparkNotes, Georges Lafaye, Raphaello Regius, Josse Badius, Gottlieb Erdmann Gierig, Almeno pseud, Ēlias Tsirinkakēs, Jordi Parramon Blasco, John Clarke, Jacobus Rubeus, Henry N. Heale, William Scovil Anderson, Gianpiero Rosati, Giovanna Faranda Villa, Rossella Corti, Nicolas Renouard, Publius Vergilius Maro, Henry King, Karl Hermann Weise, Jorge de Bustamante, Pierre Bellère, Fitzwilliam, William Charles de Meuron Earl, Edward Glaser, Giovanni de' Buonsignori, Gregor Bersmann, Josse Badius, Pieter Rabus, 'Introductiones' Printer of Nebrissensis, Hannibal Gamon, Clifden, Arthur Victor Agar-Robartes Viscount, England) Lanhydrock House (Cornwall, Giovanni Andrea dell' Anguillara, Francesco Turchi, Clarke, John, Lodovico Dolce, Ovid, Banier (Antoine), Claude-Pierre Goujet, Karl Paul Otto Korn, H. J. Müller, Otto Korn, Johann Balthasar Sedkezki, Stephen Gaselee, H. F. B. Brett-Smith, Pepys Library, Raphaello Regius, Paul Brandt, Thomas Farnaby, Pierre Du Ryer, Gwilym Aneurin Tudor Davies, Ovid, 43 BCE-18, 43 BCE-18, exploring themes of self-help.",Self-Help
B0748,Brave New World,Aldous Huxley,Psychology,Self-Help,300,medium,4.5,1932,"A compelling psychology book by Aldous Huxley, exploring themes of self-help.",Self-Help
B0749,The Yellow Wallpaper,"Charlotte Perkins Gilman, Aric Cushing, Logan Thomas, SparkNotes, Bryan Hunt, A. J. Alexander, Steven Stern, Aileen Oracion, Twisted Classics, Anne Geer, Sara Barkat, Period Time Publishing, Félix Gerónimo, Agustín López Tobajas, Nicolae Sfetcu, Erminia Passannanti",Psychology,Self-Help,300,medium,4.6,1892,"A compelling psychology book by Charlotte Perkins Gilman, Aric Cushing, Logan Thomas, SparkNotes, Bryan Hunt, A. J. Alexander, Steven Stern, Aileen Oracion, Twisted Classics, Anne Geer, Sara Barkat, Period Time Publishing, Félix Gerónimo, Agustín López Tobajas, Nicolae Sfetcu, Erminia Passannanti, exploring themes of self-help.",Self-Help
B0750,The House of Mirth,Edith Wharton,Psychology,Self-Help,300,medium,4.6,1905,"A compelling psychology book by Edith Wharton, exploring themes of self-help.",Self-Help
B0751,The Mayor of Casterbridge,Thomas Hardy,Psychology,Self-Help,300,medium,3.8,1800,"A compelling psychology book by Thomas Hardy, exploring themes of self-help.",Self-Help
B0752,As a man thinketh,James Allen,Psychology,Self-Help,300,medium,4.6,1902,"A compelling psychology book by James Allen, exploring themes of self-help.",Self-Help
B0753,The Woman in White,"Wilkie Collins, William Collins",Psychology,Self-Help,300,medium,3.8,1859,"A compelling psychology book by Wilkie Collins, William Collins, exploring themes of self-help.",Self-Help
B0754,The Red Badge of Courage,Stephen Crane,Psychology,Self-Help,300,medium,4.4,1855,"A compelling psychology book by Stephen Crane, exploring themes of self-help.",Self-Help
B0755,Silas Marner,"George Eliot, John O'Connor, Mary Anne Evans, Hugh Thomson, Julius Frese",Psychology,Self-Help,300,medium,4.2,1800,"A compelling psychology book by George Eliot, John O'Connor, Mary Anne Evans, Hugh Thomson, Julius Frese, exploring themes of self-help.",Self-Help
B0756,Ulysses,James Joyce,Psychology,Self-Help,300,medium,3.9,1914,"A compelling psychology book by James Joyce, exploring themes of self-help.",Self-Help
B0757,The mystery of Edwin Drood,"Charles Dickens, Samuel Luke Fildes, Charles Bernard Derosne, TC, John Cuming Walters",Psychology,Self-Help,300,medium,4.3,1870,"A compelling psychology book by Charles Dickens, Samuel Luke Fildes, Charles Bernard Derosne, TC, John Cuming Walters, exploring themes of self-help.",Self-Help
B0758,Bram Stoker's Dracula omnibus,"Bram Stoker, Mary Shelley, Robert Louis Stevenson, Danide, Núria Pradas, Carmen Gil, Bram Stoker, Juan Antonio Molina Foix, Mario Montalbán, Leonard Wolf, ClassyBookRead, BRAM STOCKER, BRAM STOKER, Anna Gasol Trullols, Destinyalready Creative Writing Ink, Bram Stroker, Fay Weldon, Bram Stoker., Bess Georges, Alba Pagán, David Stuart Davies, David Rogers, A. R. S. BEL, Ferdinand Du Chevalier, Abraham Stoker, Sarah Prescott, Alex Rouse, Bram Stoke, A. Nessi, Bram Stoker ",Psychology,Self-Help,300,medium,3.5,1897,"A compelling psychology book by Bram Stoker, Mary Shelley, Robert Louis Stevenson, Danide, Núria Pradas, Carmen Gil, Bram Stoker, Juan Antonio Molina Foix, Mario Montalbán, Leonard Wolf, ClassyBookRead, BRAM STOCKER, BRAM STOKER, Anna Gasol Trullols, Destinyalready Creative Writing Ink, Bram Stroker, Fay Weldon, Bram Stoker., Bess Georges, Alba Pagán, David Stuart Davies, David Rogers, A. R. S. BEL, Ferdinand Du Chevalier, Abraham Stoker, Sarah Prescott, Alex Rouse, Bram Stoke, A. Nessi, Bram Stoker , exploring themes of self-help.",Self-Help
B0759,The Blithedale Romance,Nathaniel Hawthorne,Psychology,Self-Help,300,medium,4.3,1852,"A compelling psychology book by Nathaniel Hawthorne, exploring themes of self-help.",Self-Help
B0760,Women in Love,D. H. Lawrence,Psychology,Self-Help,300,medium,4.2,1877,"A compelling psychology book by D. H. Lawrence, exploring themes of self-help.",Self-Help
B0761,The Turn of the Screw,Henry James,Psychology,Self-Help,300,medium,4.0,1898,"A compelling psychology book by Henry James, exploring themes of self-help.",Self-Help
B0762,The Invisible Man,H. G. Wells,Psychology,Self-Help,300,medium,4.3,0,"A compelling psychology book by H. G. Wells, exploring themes of self-help.",Self-Help
B0763,Heart of Darkness,Joseph Conrad,Psychology,Self-Help,300,medium,3.6,1899,"A compelling psychology book by Joseph Conrad, exploring themes of self-help.",Self-Help
B0764,Nineteen Eighty-Four,George Orwell,Psychology,Self-Help,300,medium,4.5,1949,"A compelling psychology book by George Orwell, exploring themes of self-help.",Self-Help
B0765,Saint Francis of Assisi,Gilbert Keith Chesterton,Psychology,Self-Help,300,medium,4.1,1923,"A compelling psychology book by Gilbert Keith Chesterton, exploring themes of self-help.",Self-Help
B0766,Alice's Adventures in Wonderland / Through the Looking Glass,Lewis Carroll,Psychology,Self-Help,300,medium,3.5,1889,"A compelling psychology book by Lewis Carroll, exploring themes of self-help.",Self-Help
B0767,To the Lighthouse,Virginia Woolf,Psychology,Self-Help,300,medium,3.7,1927,"A compelling psychology book by Virginia Woolf, exploring themes of self-help.",Self-Help
B0768,Moonfleet,John Meade Falkner,Psychology,Self-Help,300,medium,3.7,1898,"A compelling psychology book by John Meade Falkner, exploring themes of self-help.",Self-Help
B0769,"Villette, a novel",Charlotte Brontë,Psychology,Self-Help,300,medium,4.0,1853,"A compelling psychology book by Charlotte Brontë, exploring themes of self-help.",Self-Help
B0770,Metamorphoses,Ovid,Psychology,Self-Help,300,medium,3.5,1479,"A compelling psychology book by Ovid, exploring themes of self-help.",Self-Help
B0771,La Poetica,Aristotle,Psychology,Self-Help,300,medium,4.5,1479,"A compelling psychology book by Aristotle, exploring themes of self-help.",Self-Help
B0772,The Beautiful and Damned,F. Scott Fitzgerald,Psychology,Self-Help,300,medium,4.3,1920,"A compelling psychology book by F. Scott Fitzgerald, exploring themes of self-help.",Self-Help
B0773,Pericles,William Shakespeare,Psychology,Self-Help,300,medium,3.9,1609,"A compelling psychology book by William Shakespeare, exploring themes of self-help.",Self-Help
B0774,Mrs. Dalloway,Virginia Woolf,Psychology,Self-Help,300,medium,3.7,1925,"A compelling psychology book by Virginia Woolf, exploring themes of self-help.",Self-Help
B0775,L’étranger,Albert Camus,Psychology,Self-Help,300,medium,4.6,1942,"A compelling psychology book by Albert Camus, exploring themes of self-help.",Self-Help
B0776,Sister Carrie,Theodore Dreiser,Psychology,Self-Help,300,medium,4.6,1900,"A compelling psychology book by Theodore Dreiser, exploring themes of self-help.",Self-Help
B0777,The Importance of Being Earnest,Oscar Wilde,Psychology,Self-Help,300,medium,4.6,1893,"A compelling psychology book by Oscar Wilde, exploring themes of self-help.",Self-Help
B0778,Babbitt,Sinclair Lewis,Psychology,Self-Help,300,medium,3.9,1922,"A compelling psychology book by Sinclair Lewis, exploring themes of self-help.",Self-Help
B0779,The History of Tom Jones,Henry Fielding,Psychology,Self-Help,300,medium,4.7,1749,"A compelling psychology book by Henry Fielding, exploring themes of self-help.",Self-Help
B0780,The Portrait of a Lady,Henry James,Psychology,Self-Help,300,medium,3.6,1881,"A compelling psychology book by Henry James, exploring themes of self-help.",Self-Help
B0781,Princesse de Clèves,"Madame de La Fayette, Everett Carll Ladd, Ann Gostyn Serow, Thomas Sergeant Perry, François duc de La Rochefoucauld, Jean Mesnard, Jérôme Lecompte, H. Ashton, Robin Buss, Duas Duas Columnas, M. Philippe Ballin, Selina Hastings, Nancy Mitford, Alba Longa, Rostand Breck, Leonard Tancock, Jérémy Lasseaux, Li yu min, Josep Antoni Grimalt Gomila, Emma Calatayud, Nicole d'Amonville Alegría, Yvonne Jocks, Thomas Perry, Jules Garnier, A. Lamotte",Psychology,Self-Help,300,medium,4.4,1678,"A compelling psychology book by Madame de La Fayette, Everett Carll Ladd, Ann Gostyn Serow, Thomas Sergeant Perry, François duc de La Rochefoucauld, Jean Mesnard, Jérôme Lecompte, H. Ashton, Robin Buss, Duas Duas Columnas, M. Philippe Ballin, Selina Hastings, Nancy Mitford, Alba Longa, Rostand Breck, Leonard Tancock, Jérémy Lasseaux, Li yu min, Josep Antoni Grimalt Gomila, Emma Calatayud, Nicole d'Amonville Alegría, Yvonne Jocks, Thomas Perry, Jules Garnier, A. Lamotte, exploring themes of self-help.",Self-Help
B0782,Basil,Wilkie Collins,Psychology,Self-Help,300,medium,4.6,1852,"A compelling psychology book by Wilkie Collins, exploring themes of self-help.",Self-Help
B0783,Игрокъ,Fiódor Dostoievski,Psychology,Self-Help,300,medium,4.7,1866,"A compelling psychology book by Fiódor Dostoievski, exploring themes of self-help.",Self-Help
B0784,Timon of Athens,William Shakespeare,Psychology,Self-Help,300,medium,4.1,1734,"A compelling psychology book by William Shakespeare, exploring themes of self-help.",Self-Help
B0785,Much Ado About Nothing,William Shakespeare,Psychology,Self-Help,300,medium,3.7,1600,"A compelling psychology book by William Shakespeare, exploring themes of self-help.",Self-Help
B0786,The moon and sixpence,William Somerset Maugham,Psychology,Self-Help,300,medium,3.6,1919,"A compelling psychology book by William Somerset Maugham, exploring themes of self-help.",Self-Help
B0787,Братья Карамазовы,Fiódor Dostoievski,Psychology,Self-Help,300,medium,4.4,1880,"A compelling psychology book by Fiódor Dostoievski, exploring themes of self-help.",Self-Help
B0788,The Woodlanders,Thomas Hardy,Psychology,Self-Help,300,medium,3.6,1800,"A compelling psychology book by Thomas Hardy, exploring themes of self-help.",Self-Help
B0789,Der Antichrist,Friedrich Nietzsche,Psychology,Self-Help,300,medium,4.6,1895,"A compelling psychology book by Friedrich Nietzsche, exploring themes of self-help.",Self-Help
B0790,The pioneers,James Fenimore Cooper,Psychology,Self-Help,300,medium,3.9,1800,"A compelling psychology book by James Fenimore Cooper, exploring themes of self-help.",Self-Help
B0791,The Strange Case of Dr. Jekyll and Mr. Hyde,Robert Louis Stevenson,Psychology,Self-Help,300,medium,4.1,1875,"A compelling psychology book by Robert Louis Stevenson, exploring themes of self-help.",Self-Help
B0792,Hedda Gabler,Henrik Ibsen,Psychology,Self-Help,300,medium,3.8,1890,"A compelling psychology book by Henrik Ibsen, exploring themes of self-help.",Self-Help
B0793,The Rainbow,D. H. Lawrence,Psychology,Self-Help,300,medium,3.9,1915,"A compelling psychology book by D. H. Lawrence, exploring themes of self-help.",Self-Help
B0794,The Financier,Theodore Dreiser,Psychology,Self-Help,300,medium,4.0,1912,"A compelling psychology book by Theodore Dreiser, exploring themes of self-help.",Self-Help
B0795,The Awakening,Kate Chopin,Psychology,Self-Help,300,medium,4.2,1899,"A compelling psychology book by Kate Chopin, exploring themes of self-help.",Self-Help
B0796,Lord Jim,Joseph Conrad,Psychology,Self-Help,300,medium,4.2,1900,"A compelling psychology book by Joseph Conrad, exploring themes of self-help.",Self-Help
B0797,Riceyman Steps,Arnold Bennett,Psychology,Self-Help,300,medium,4.4,1923,"A compelling psychology book by Arnold Bennett, exploring themes of self-help.",Self-Help
B0798,The Secret Agent,Joseph Conrad,Psychology,Self-Help,300,medium,3.5,1907,"A compelling psychology book by Joseph Conrad, exploring themes of self-help.",Self-Help
B0799,Middlemarch,George Eliot,Psychology,Self-Help,300,medium,4.2,1800,"A compelling psychology book by George Eliot, exploring themes of self-help.",Self-Help
B0800,The Magician,William Somerset Maugham,Psychology,Self-Help,300,medium,4.3,1908,"A compelling psychology book by William Somerset Maugham, exploring themes of self-help.",Self-Help
